pl_name,pl_rade,pl_bmasse,pl_orbper,pl_eqt,pl_dens,st_teff,st_rad,st_mass,st_lum,pl_rade_original,pl_bmasse_original,pl_orbper_original,pl_eqt_original,pl_dens_original,st_teff_original,st_rad_original,st_mass_original,st_lum_original,habitable
K2-3 d,-0.0501780812338975,-0.1227152091663114,-0.0054204264270316,-1.9173629310031024,-0.0198281281290884,-1.654309405262849,-0.3371937700154933,-1.1572361341896724,0.0471078624014497,1.51,188.15536,44.55983,282.0,1.325,3896.0,0.56,0.6,-0.08612,1
K2-3 d,-0.051057914113206,-0.3334836124273647,-0.0054204283166461,-1.836882961071892,-0.0198281281290884,-1.708965069386248,-0.345422473680573,-1.3281650609286653,-3.1151056622946656,1.458,2.2,44.55603,305.2,1.325,3844.0,0.546,0.549,-1.23136,1
K2-3 d,-0.0500088826032612,-0.3328035511376194,-0.0054204281048104,-1.9173629310031024,0.2318352810261469,-1.654309405262849,-0.3366060054679876,-1.1538845866065548,0.0471078624014497,1.52,2.8,44.556456,282.0,5.62,3896.0,0.561,0.601,-0.08612,1
K2-9 b,-0.0486552935581712,-0.1227152091663114,-0.0054334105652544,-1.9104250025607568,-0.0198281281290884,-2.104167563816979,-0.5194007797422587,-2.363793264111977,0.0471078624014497,1.6,188.15536,18.44883,284.0,1.325,3468.0,0.25,0.24,-0.08612,1
TRAPPIST-1 d,-0.0621235045568171,-0.3355373975223951,-0.0054405710163891,-1.903487074118411,-0.0198281281290884,-3.052233122265168,-0.5962803825560036,-2.867195711096228,-8.70900737880571,0.804,0.388,4.049219,286.0,1.325,2566.0,0.1192,0.0898,-3.25727,1
TRAPPIST-1 d,-0.0626649401748532,-0.3355124619417711,-0.0054405708219577,-1.8965491456760653,0.189647235719565,-3.059590615512549,-0.5975734645605161,-2.899370567894156,-8.773618985523855,0.772,0.41,4.04961,288.0,4.9,2559.0,0.117,0.0802,-3.28067,1
TRAPPIST-1 e,-0.0601946401675638,-0.3352744404903603,-0.0054395514221539,-2.0238601325931103,0.1603499820344386,-3.059590615512549,-0.5975734645605161,-2.899370567894156,-8.773618985523855,0.918,0.62,6.099615,251.3,4.4,2559.0,0.117,0.0802,-3.28067,1
TRAPPIST-1 f,-0.0580458175584834,-0.3352064343613858,-0.0054380063763391,-2.135907676936995,0.0958960239271606,-3.059590615512549,-0.5975734645605161,-2.899370567894156,-8.773618985523855,1.045,0.68,9.20669,219.0,3.3,2559.0,0.117,0.0802,-3.28067,1
LHS 1140 b,-0.0515316702789875,-0.3284398245284211,-0.0054302836062507,-2.097749070504093,0.6349654917334854,-2.4583783101551604,-0.5570177107826232,-2.6788387369250235,-6.688845420549432,1.43,6.65,24.73712,230.0,12.5,3131.0,0.186,0.146,-2.52564,1
TOI-700 d,-0.0563707511151844,-0.1227152091663114,-0.0054239744667447,-1.9631532587225848,-0.0198281281290884,-2.11152505706436,-0.4171297484762678,-1.7772724370664126,-4.228275288295538,1.144,188.15536,37.42475,268.8,1.325,3461.0,0.424,0.415,-1.63451,1
TOI-700 d,-0.053229458237196,-0.1227152091663114,-0.0054239749969172,-2.038152265184343,-0.0198281281290884,-2.0894525773222177,-0.4197999628155862,0.0459694481495149,0.0471078624014497,1.32965711,188.15536,37.42368382742,247.18,1.325,3482.0,0.419457,0.959,-0.08612,1
TOI-2285 b,-0.0490256086183255,-0.1227152091663114,-0.0054290254802115,-1.899740592759544,-0.0198281281290884,-2.0221840676318803,-0.3959619960623977,0.0459694481495149,0.0471078624014497,1.57811359,188.15536,27.2672015846,287.08,1.325,3546.0,0.460014,0.959,-0.08612,1
TOI-700 e,-0.0596669810404315,-0.1227152091663114,-0.0054287557187539,-1.948930505415776,-0.0198281281290884,-2.0894525773222177,-0.4197999628155862,0.0459694481495149,0.0471078624014497,0.94918578,188.15536,27.80968975735,272.9,1.325,3482.0,0.419457,0.959,-0.08612,1
TOI-715 b,-0.0495012867113525,-0.1227152091663114,-0.0054329932717302,-2.0838732136194014,-0.0198281281290884,-2.5172382561342053,-0.5252784252173156,-2.41406647785874,0.0471078624014497,1.55,188.15536,19.288004,234.0,1.325,3075.0,0.24,0.225,-0.08612,1
TOI-2095 c,-0.0512351562775441,-0.1227152091663114,-0.0054285754294828,-1.8526320586360163,-0.0198281281290884,-1.8119699748495768,-0.394086439391307,0.0459694481495149,0.0471078624014497,1.44752461,188.15536,28.17225006579,300.66,1.325,3746.0,0.463205,0.959,-0.08612,1
TOI-2095 c,-0.0532236565853501,-0.3275897479162397,-0.0054285753947068,-1.865328467685509,-0.0198281281290884,-1.798306058818727,-0.4077255157161767,-1.6934837474884743,-3.7434397317297607,1.33,7.4,28.17232,297.0,1.325,3759.0,0.44,0.44,-1.45892,1
Kepler-296 d,-0.051193273017715,-0.1227152091663114,-0.0054327136254815,-1.8826732887913733,-0.0198281281290884,-2.0526651110853145,-0.4488690340415753,-1.8945766024755253,0.0471078624014497,1.45,188.15536,19.85037041,292.0,1.325,3517.0,0.37,0.38,-0.08612,1
Kepler-296 d,-0.0500088826032612,-0.1227152091663114,-0.0054327136630053,-1.865328467685509,-0.0198281281290884,-2.043205476910111,-0.4412280949240013,-1.84765493631188,0.0471078624014497,1.52,188.15536,19.85029495,297.0,1.325,3526.0,0.383,0.394,-0.08612,1
Kepler-62 e,-0.0496704853419887,-0.1227152091663114,-0.0053817253360696,-2.0110249649747707,-0.0198281281290884,-0.6967842126394561,-0.3130954235677598,-1.0030649453662666,0.0471078624014497,1.54,188.15536,122.38742,255.0,1.325,4807.0,0.601,0.646,-0.08612,1
LP 890-9 c,-0.0525976216519959,-0.3073012527721746,-0.0054383789421899,-1.9520525732148315,-0.0198281281290884,-2.753729110514297,-0.5748857530267963,-2.7726820692523138,-7.560549875289542,1.367,25.3,8.457463,272.0,1.325,2850.0,0.1556,0.118,-2.84134,1
TOI-6002 b,-0.0495190830233228,-0.1227152091663114,-0.0054371619427849,-1.867409846218213,-0.0198281281290884,-2.3101773747436365,-0.524031776612056,0.0459694481495149,0.0471078624014497,1.5489482,188.15536,10.90483924619,296.4,1.325,3272.0,0.242121,0.959,-0.08612,1
Gliese 12 b,-0.0604991977027091,-0.3246428156606771,-0.0054362387264726,-1.802887111704397,-0.0198281281290884,-2.330147713557955,-0.5082332533396504,-2.36044171652886,-5.598538363079596,0.9,10.0,12.76142,315.0,1.325,3253.0,0.269,0.241,-2.13077,1
Gliese 12 b,-0.0595178456450188,-0.3315907751709072,-0.0054362387324398,-1.804274697392866,-0.0198281281290884,-2.28495168360976,-0.5125239345364421,-2.359101097495613,-5.618142739476982,0.958,3.87,12.761408,314.6,1.325,3296.0,0.2617,0.2414,-2.13787,1
Gliese 12 b,-0.0593050568787676,-0.1227152091663114,-0.0054362387013187,-1.856621367490365,-0.0198281281290884,-2.2008660464968384,-0.5079822778778655,0.0459694481495149,0.0471078624014497,0.97057627,188.15536,12.76147058433,299.51,1.325,3376.0,0.269427,0.959,-0.08612,1
Kepler-1651 b,-0.0562692319368027,-0.1227152091663114,-0.0054376692243512,-1.7855422905985323,-0.0198281281290884,-2.3438116295888047,-0.5076454887921448,-2.4643396916055025,0.0471078624014497,1.15,188.15536,9.8847,320.0,1.325,3240.0,0.27,0.21,-0.08612,1
Kepler-1229 b,-0.0530544579547138,-0.1227152091663114,-0.0053994069963661,-2.160190426485205,-0.0198281281290884,-1.9896008832506236,-0.4018478702411197,-1.559421844163774,-3.9479879294084026,1.34,188.15536,86.82974,212.0,1.325,3577.0,0.45,0.48,-1.533,1
Kepler-186 e,-0.0562692319368027,-0.1227152091663114,-0.0054314419109579,-1.7890112548197057,-0.0198281281290884,-1.8067146225300192,-0.4059622220736595,-1.6532651764910642,0.0471078624014497,1.15,188.15536,22.40777833,319.0,1.325,3751.0,0.443,0.452,-0.08612,1
Kepler-1652 b,-0.0567768278287115,-0.1227152091663114,-0.0054236400607646,-2.101218034725266,-0.0198281281290884,-2.0894525773222177,-0.4606243249916892,-1.964959101720993,0.0471078624014497,1.12,188.15536,38.0972378,229.0,1.325,3482.0,0.35,0.359,-0.08612,1
Kepler-1652 b,-0.0567768278287115,-0.1227152091663114,-0.0054236400607646,-2.101218034725266,-0.0198281281290884,-2.0894525773222177,-0.4606243249916892,-1.964959101720993,0.0471078624014497,1.12,188.15536,38.0972378,229.0,1.325,3482.0,0.35,0.359,-0.08612,1
Kepler-1652 b,-0.0567768278287115,-0.1227152091663114,-0.0054236400607646,-2.101218034725266,-0.0198281281290884,-2.0894525773222177,-0.4606243249916892,-1.964959101720993,0.0471078624014497,1.12,188.15536,38.0972378,229.0,1.325,3482.0,0.35,0.359,-0.08612,1
Kepler-1652 b,-0.0486552935581712,-0.1227152091663114,-0.0054236400696159,-1.965928430099523,-0.0198281281290884,-1.9254855849520207,-0.441815859471507,-1.8141394604807048,-4.237911805707774,1.6,188.15536,38.09722,268.0,1.325,3638.0,0.382,0.404,-1.638,1
Kepler-1652 b,-0.0489936908194437,-0.1227152091663114,-0.0054236401433606,-2.0561214998500184,-0.0198281281290884,-2.013775503920588,-0.4324116267114158,-1.7404054136521194,0.0471078624014497,1.58,188.15536,38.0970717,242.0,1.325,3554.0,0.398,0.426,-0.08612,1
Kepler-1652 b,-0.0522084648015326,-0.1227152091663114,-0.0054236395624036,-1.8965491456760653,-0.0198281281290884,-1.665871180365876,-0.3712841137708236,-1.4253599408390734,0.0471078624014497,1.39,188.15536,38.09824,288.0,1.325,3885.0,0.502,0.52,-0.08612,1
Kepler-395 c,-0.0545772456304401,-0.1227152091663114,-0.0054251854622744,-1.9798042869842147,-0.0198281281290884,-1.823531749952604,-0.4312360976164044,-1.7839755322326476,0.0471078624014497,1.25,188.15536,34.9894475,264.0,1.325,3735.0,0.4,0.413,-0.08612,1
Kepler-395 c,-0.0545772456304401,-0.1227152091663114,-0.0054251854622744,-1.9798042869842147,-0.0198281281290884,-1.823531749952604,-0.4312360976164044,-1.7839755322326476,0.0471078624014497,1.25,188.15536,34.9894475,264.0,1.325,3735.0,0.4,0.413,-0.08612,1
Kepler-395 c,-0.0540696497385314,-0.1227152091663114,-0.0054251861621777,-1.813294004367916,-0.0198281281290884,-1.4924445538204754,-0.358941058273204,-1.3348681560949005,0.0471078624014497,1.28,188.15536,34.98804,312.0,1.325,4050.0,0.523,0.547,-0.08612,1
Kepler-395 c,-0.056438430567439,-0.1227152091663114,-0.005425185294596,-1.8826732887913733,-0.0198281281290884,-1.791999636035258,-0.3601165873682154,-1.405250655340368,0.0471078624014497,1.14,188.15536,34.9897847,292.0,1.325,3765.0,0.521,0.526,-0.08612,1
Kepler-395 c,-0.0545772456304401,-0.1227152091663114,-0.0054251854622744,-1.9798042869842147,-0.0198281281290884,-1.823531749952604,-0.4312360976164044,-1.7839755322326476,0.0471078624014497,1.25,188.15536,34.9894475,264.0,1.325,3735.0,0.4,0.413,-0.08612,1
Kepler-1410 b,-0.05187006754026,-0.1227152091663114,-0.0054123152715378,-1.9798042869842147,-0.0198281281290884,-1.4293803259857842,-0.3536511773456527,-1.2980011326806076,0.0471078624014497,1.41,188.15536,60.8713,264.0,1.325,4110.0,0.532,0.558,-0.08612,1
Kepler-1410 b,-0.0522084648015326,-0.1227152091663114,-0.005412317858619,-2.0491835714076725,-0.0198281281290884,-1.7468036060870626,-0.3595288228207097,-1.3616805367598406,0.0471078624014497,1.39,188.15536,60.8660974,244.0,1.325,3808.0,0.522,0.539,-0.08612,1
Kepler-1410 b,-0.0493320880807162,-0.1227152091663114,-0.005412317823512,-2.0249008218594624,-0.0198281281290884,-1.6469519120154683,-0.358941058273204,-1.3549774415936051,0.0471078624014497,1.56,188.15536,60.866168,251.0,1.325,3903.0,0.523,0.541,-0.08612,1
Kepler-1410 b,-0.0493320880807162,-0.1227152091663114,-0.005412317823512,-2.0249008218594624,-0.0198281281290884,-1.6469519120154683,-0.358941058273204,-1.3549774415936051,0.0471078624014497,1.56,188.15536,60.866168,251.0,1.325,3903.0,0.523,0.541,-0.08612,1
Kepler-1410 b,-0.0493320880807162,-0.1227152091663114,-0.005412317823512,-2.0249008218594624,-0.0198281281290884,-1.6469519120154683,-0.358941058273204,-1.3549774415936051,0.0471078624014497,1.56,188.15536,60.866168,251.0,1.325,3903.0,0.523,0.541,-0.08612,1
Kepler-62 f,-0.05187006754026,-0.2963069285879607,-0.0053096695698524,-2.1740662833698967,-0.0198281281290884,-0.572757897897897,-0.2901726062150377,-0.8555968517090963,-1.5871792223992356,1.41,35.0,267.291,208.0,1.325,4925.0,0.64,0.69,-0.678,1
Kepler-62 f,-0.0517008689096238,-0.1227152091663114,-0.0053096733983109,-2.1844731760334155,-0.0198281281290884,-0.7072949172785713,-0.2825316670974637,-1.0332288736143245,0.0471078624014497,1.42,188.15536,267.283301,205.0,1.325,4797.0,0.653,0.637,-0.08612,1
Kepler-62 f,-0.0517008689096238,-0.1227152091663114,-0.0053096733983109,-2.1844731760334155,-0.0198281281290884,-0.7072949172785713,-0.2825316670974637,-1.0332288736143245,0.0471078624014497,1.42,188.15536,267.283301,205.0,1.325,4797.0,0.653,0.637,-0.08612,1
Kepler-62 f,-0.0515316702789875,-0.1227152091663114,-0.0053096737861792,-2.1775352475910696,-0.0198281281290884,-0.5717068274339855,-0.2772417861699124,-0.7315895911337481,0.0471078624014497,1.43,188.15536,267.282521,207.0,1.325,4926.0,0.662,0.727,-0.08612,1
Kepler-62 f,-0.0517008689096238,-0.1227152091663114,-0.0053096733983109,-2.1844731760334155,-0.0198281281290884,-0.7072949172785713,-0.2825316670974637,-1.0332288736143245,0.0471078624014497,1.42,188.15536,267.283301,205.0,1.325,4797.0,0.653,0.637,-0.08612,1
Kepler-440 b,-0.0508548757564425,-0.1227152091663114,-0.0053923051498362,-2.1983490329181072,-0.0198281281290884,-1.741548253767505,-0.385978227458466,-1.5426641062481865,0.0471078624014497,1.47,188.15536,101.1114976,201.0,1.325,3813.0,0.477,0.485,-0.08612,1
Kepler-440 b,-0.0508548757564425,-0.1227152091663114,-0.0053923051498362,-2.1983490329181072,-0.0198281281290884,-1.741548253767505,-0.385978227458466,-1.5426641062481865,0.0471078624014497,1.47,188.15536,101.1114976,201.0,1.325,3813.0,0.477,0.485,-0.08612,1
Kepler-440 b,-0.0508548757564425,-0.1227152091663114,-0.0053923051498362,-2.1983490329181072,-0.0198281281290884,-1.741548253767505,-0.385978227458466,-1.5426641062481865,0.0471078624014497,1.47,188.15536,101.1114976,201.0,1.325,3813.0,0.477,0.485,-0.08612,1
Kepler-442 b,-0.0493320880807162,-0.1227152091663114,-0.0053867380761819,-1.9936801438689065,-0.0198281281290884,-0.9469389830503974,-0.2825316670974637,-1.0198226832818542,0.0471078624014497,1.56,188.15536,112.306839,260.0,1.325,4569.0,0.653,0.641,-0.08612,1
Kepler-442 b,-0.0537312524772589,-0.1227152091663114,-0.0053867399175615,-2.0595904640711917,-0.0198281281290884,-1.1235188209875324,-0.316622010852794,-1.113666015609145,0.0471078624014497,1.3,188.15536,112.303136,241.0,1.325,4401.0,0.595,0.613,-0.08612,1
Kepler-442 b,-0.0493320880807162,-0.1227152091663114,-0.0053867380761819,-1.9936801438689065,-0.0198281281290884,-0.9469389830503974,-0.2825316670974637,-1.0198226832818542,0.0471078624014497,1.56,188.15536,112.306839,260.0,1.325,4569.0,0.653,0.641,-0.08612,1
Kepler-442 b,-0.0493320880807162,-0.1227152091663114,-0.0053867380761819,-1.9936801438689065,-0.0198281281290884,-0.9469389830503974,-0.2825316670974637,-1.0198226832818542,0.0471078624014497,1.56,188.15536,112.306839,260.0,1.325,4569.0,0.653,0.641,-0.08612,1
Kepler-437 b,-0.0525468620628051,-0.1227152091663114,-0.0054094414422148,-1.875735360349028,-0.0198281281290884,-1.096190988925833,-0.3007523680701402,-1.1069629204429097,0.0471078624014497,1.37,188.15536,66.6505482,294.0,1.325,4427.0,0.622,0.615,-0.08612,1
Kepler-437 b,-0.0493320880807162,-0.1227152091663114,-0.0054094414900022,-1.8271698612526075,-0.0198281281290884,-0.9669093218647162,-0.2672497888623156,-0.7785112572973933,0.0471078624014497,1.56,188.15536,66.6504521,308.0,1.325,4550.0,0.679,0.713,-0.08612,1
Kepler-437 b,-0.0525468620628051,-0.1227152091663114,-0.0054094414422148,-1.875735360349028,-0.0198281281290884,-1.096190988925833,-0.3007523680701402,-1.1069629204429097,0.0471078624014497,1.37,188.15536,66.6505482,294.0,1.325,4427.0,0.622,0.615,-0.08612,1
Kepler-437 b,-0.0525468620628051,-0.1227152091663114,-0.0054094414422148,-1.875735360349028,-0.0198281281290884,-1.096190988925833,-0.3007523680701402,-1.1069629204429097,0.0471078624014497,1.37,188.15536,66.6505482,294.0,1.325,4427.0,0.622,0.615,-0.08612,1
Kepler-1450 b,-0.0495012867113525,-0.1227152091663114,-0.0054154788261096,-1.8202319328102612,-0.0198281281290884,-1.1193145391318864,-0.3078055426402086,-1.1069629204429097,0.0471078624014497,1.55,188.15536,54.5094166,310.0,1.325,4405.0,0.61,0.615,-0.08612,1
Kepler-1450 b,-0.0495012867113525,-0.1227152091663114,-0.0054154788261096,-1.8202319328102612,-0.0198281281290884,-1.1193145391318864,-0.3078055426402086,-1.1069629204429097,0.0471078624014497,1.55,188.15536,54.5094166,310.0,1.325,4405.0,0.61,0.615,-0.08612,1
Kepler-1450 b,-0.0495012867113525,-0.1227152091663114,-0.0054154788261096,-1.8202319328102612,-0.0198281281290884,-1.1193145391318864,-0.3078055426402086,-1.1069629204429097,0.0471078624014497,1.55,188.15536,54.5094166,310.0,1.325,4405.0,0.61,0.615,-0.08612,1
Kepler-438 b,-0.059145608657619,-0.1227152091663114,-0.0054250642621492,-1.9485836089936583,-0.0198281281290884,-1.8729320617564449,-0.3942069311235456,-1.5627733917468916,0.0471078624014497,0.98,188.15536,35.23318,273.0,1.325,3688.0,0.463,0.479,-0.08612,1
Kepler-438 b,-0.059145608657619,-0.1227152091663114,-0.0054250642621492,-1.9485836089936583,-0.0198281281290884,-1.8729320617564449,-0.3942069311235456,-1.5627733917468916,0.0471078624014497,0.98,188.15536,35.23318,273.0,1.325,3688.0,0.463,0.479,-0.08612,1
Kepler-438 b,-0.059145608657619,-0.1227152091663114,-0.0054250642621492,-1.9485836089936583,-0.0198281281290884,-1.8729320617564449,-0.3942069311235456,-1.5627733917468916,0.0471078624014497,0.98,188.15536,35.23318,273.0,1.325,3688.0,0.463,0.479,-0.08612,1
Kepler-438 b,-0.0593148072882553,-0.1227152091663114,-0.0054250643171469,-1.8965491456760653,-0.0198281281290884,-1.8088167634578425,-0.3583532937256983,-1.3114073230130778,0.0471078624014497,0.97,188.15536,35.2330694,288.0,1.325,3749.0,0.524,0.554,-0.08612,1
Kepler-296 f,-0.0557616360448939,-0.1227152091663114,-0.0054110899202087,-2.1948800686969343,-0.0198281281290884,-2.043205476910111,-0.4412280949240013,-1.84765493631188,0.0471078624014497,1.18,188.15536,63.3354719,202.0,1.325,3526.0,0.383,0.394,-0.08612,1
Kepler-1512 b,-0.0621911840090717,-0.1227152091663114,-0.0054324603432493,-1.93817671633014,-0.0198281281290884,-2.155670016548643,-0.4641509122767234,-2.008529220301521,0.0471078624014497,0.8,188.15536,20.35971899,276.0,1.325,3419.0,0.344,0.346,-0.08612,1
Kepler-1126 c,-0.051193273017715,-0.1227152091663114,-0.0053432958771978,-1.837576753916126,-0.0198281281290884,0.2186981614274761,-0.1250107683659374,-0.5070359030648746,0.0471078624014497,1.45,188.15536,199.66876,305.0,1.325,5678.0,0.921,0.794,-0.08612,1
Kepler-1126 c,-0.0496704853419887,-0.1227152091663114,-0.0053432979771563,-1.8341077896949527,-0.0198281281290884,0.6685563199816059,-0.170268638523876,-0.034467693845305,0.0471078624014497,1.54,188.15536,199.664537,306.0,1.325,6106.0,0.844,0.935,-0.08612,1
Kepler-1126 c,-0.0496704853419887,-0.1227152091663114,-0.0053432979771563,-1.8341077896949527,-0.0198281281290884,0.6685563199816059,-0.170268638523876,-0.034467693845305,0.0471078624014497,1.54,188.15536,199.664537,306.0,1.325,6106.0,0.844,0.935,-0.08612,1
Kepler-1126 c,-0.0496704853419887,-0.1227152091663114,-0.0053432979771563,-1.8341077896949527,-0.0198281281290884,0.6685563199816059,-0.170268638523876,-0.034467693845305,0.0471078624014497,1.54,188.15536,199.664537,306.0,1.325,6106.0,0.844,0.935,-0.08612,1
Kepler-296 e,-0.0520392661708963,-0.1227152091663114,-0.0054256066362214,-1.865328467685509,-0.0198281281290884,-1.6900458010358408,-0.372459642865835,-1.4387661311715434,0.0471078624014497,1.4,188.15536,34.14247,297.0,1.325,3862.0,0.5,0.516,-0.08612,1
Kepler-296 e,-0.0574536223512565,-0.1227152091663114,-0.0054256069246363,-2.0491835714076725,-0.0198281281290884,-2.0526651110853145,-0.4488690340415753,-1.8945766024755253,0.0471078624014497,1.08,188.15536,34.14189,244.0,1.325,3517.0,0.37,0.38,-0.08612,1
Kepler-296 e,-0.057792019612529,-0.1227152091663114,-0.0054256068447752,-2.035307714522981,-0.0198281281290884,-2.043205476910111,-0.4412280949240013,-1.84765493631188,0.0471078624014497,1.06,188.15536,34.1420506,248.0,1.325,3526.0,0.383,0.394,-0.08612,1
Kepler-296 e,-0.0574536223512565,-0.1227152091663114,-0.0054256069246363,-2.0491835714076725,-0.0198281281290884,-2.0526651110853145,-0.4488690340415753,-1.8945766024755253,0.0471078624014497,1.08,188.15536,34.14189,244.0,1.325,3517.0,0.37,0.38,-0.08612,1
Kepler-296 e,-0.0574536223512565,-0.1227152091663114,-0.0054256069246363,-2.0491835714076725,-0.0198281281290884,-2.0526651110853145,-0.4488690340415753,-1.8945766024755253,0.0471078624014497,1.08,188.15536,34.14189,244.0,1.325,3517.0,0.37,0.38,-0.08612,1
Kepler-1649 b,-0.0585195737242649,-0.1227152091663114,-0.0054382637572547,-1.83063882547378,-0.0198281281290884,-2.3438116295888047,-0.5301568709616129,-2.505563726877848,-6.030883892136315,1.017,188.15536,8.689099,307.0,1.325,3240.0,0.2317,0.1977,-2.28735,1
Kepler-1649 b,-0.0660827525137055,-0.1227152091663114,-0.0054382637714666,-2.163659390706378,-0.0198281281290884,-2.90823646870929,-0.5969857000130103,-2.846416116080899,0.0471078624014497,0.57,188.15536,8.68907042,211.0,1.325,2703.0,0.118,0.096,-0.08612,1
Kepler-1649 b,-0.0660827525137055,-0.1227152091663114,-0.0054382637714666,-2.163659390706378,-0.0198281281290884,-2.90823646870929,-0.5969857000130103,-2.846416116080899,0.0471078624014497,0.57,188.15536,8.68907042,211.0,1.325,2703.0,0.118,0.096,-0.08612,1
Kepler-1649 b,-0.0660827525137055,-0.1227152091663114,-0.0054382637714666,-2.163659390706378,-0.0198281281290884,-2.90823646870929,-0.5969857000130103,-2.846416116080899,0.0471078624014497,0.57,188.15536,8.68907042,211.0,1.325,2703.0,0.118,0.096,-0.08612,1
Kepler-1638 b,-0.0486552935581712,-0.1227152091663114,-0.0053136109079687,-1.8410457181372988,-0.0198281281290884,0.4583422271993023,-0.1755585194514272,-0.429950308653172,-0.029873829705469,1.6,188.15536,259.365,304.0,1.325,5906.0,0.835,0.817,-0.114,1
Kepler-560 b,-0.0491628894500799,-0.1227152091663114,-0.0054333962367598,-1.9589905016571771,-0.0198281281290884,-2.189304271393812,-0.4900125523669739,-2.1627004091249264,0.0471078624014497,1.57,188.15536,18.47764449,270.0,1.325,3387.0,0.3,0.3,-0.08612,1
Kepler-560 b,-0.0491628894500799,-0.1227152091663114,-0.0054333962367598,-1.9589905016571771,-0.0198281281290884,-2.189304271393812,-0.4900125523669739,-2.1627004091249264,0.0471078624014497,1.57,188.15536,18.47764449,270.0,1.325,3387.0,0.3,0.3,-0.08612,1
Kepler-560 b,-0.0491628894500799,-0.1227152091663114,-0.0054333962367598,-1.9589905016571771,-0.0198281281290884,-2.189304271393812,-0.4900125523669739,-2.1627004091249264,0.0471078624014497,1.57,188.15536,18.47764449,270.0,1.325,3387.0,0.3,0.3,-0.08612,1
Kepler-560 b,-0.0508548757564425,-0.1227152091663114,-0.0054333962370035,-1.861859503464336,-0.0198281281290884,-2.1441082414456165,-0.5064699596971334,-2.2665983842015693,-5.2982048390311896,1.47,188.15536,18.477644,298.0,1.325,3430.0,0.272,0.269,-2.022,1
Kepler-560 b,-0.0495012867113525,-0.1227152091663114,-0.0054333962454869,-1.969397394320696,-0.0198281281290884,-2.18089570768252,-0.5000045496745708,-2.259895289035334,0.0471078624014497,1.55,188.15536,18.47762694,267.0,1.325,3395.0,0.283,0.271,-0.08612,1
Kepler-452 b,-0.0566076291980752,-0.1227152091663114,-0.0052512148303933,-2.132438712715822,-0.0198281281290884,0.1135911150363243,-0.1996568658991607,-0.2523182867479436,0.0471078624014497,1.13,188.15536,384.843022,220.0,1.325,5578.0,0.794,0.87,-0.08612,1
Kepler-452 b,-0.0572844237206202,-0.1227152091663114,-0.0052512125757848,-2.132438712715822,-0.0198281281290884,0.1146421855002358,-0.1973058077091379,-0.1785842399193583,0.0471078624014497,1.09,188.15536,384.847556,220.0,1.325,5579.0,0.798,0.892,-0.08612,1
Kepler-1649 c,-0.057792019612529,-0.1227152091663114,-0.0054328703145121,-2.0838732136194014,-0.0198281281290884,-2.3438116295888047,-0.5301568709616129,-2.505563726877848,-6.030883892136315,1.06,188.15536,19.53527,234.0,1.325,3240.0,0.2317,0.1977,-2.28735,1
