Actual_Label,Predicted_Label,Prediction_Probability
0,0,1.2501959e-05
0,0,2.0123418e-05
0,0,1.2153508e-05
0,0,2.0123418e-05
0,0,1.2501959e-05
0,0,1.2843376e-05
0,0,2.7867518e-05
0,0,1.4597615e-05
0,0,0.014115484
0,0,1.2501959e-05
0,0,1.5675461e-05
0,0,0.0005449498
0,0,1.6689846e-05
0,0,0.008614355
0,0,2.0123418e-05
0,0,1.2501959e-05
0,0,1.2153508e-05
0,0,2.3496601e-05
0,0,1.2501959e-05
0,0,1.2501959e-05
0,0,0.0019147542
0,0,1.2843376e-05
0,0,2.0648356e-05
0,0,0.035063975
0,0,2.0648356e-05
0,0,0.0008761945
0,0,1.4597615e-05
0,0,1.3787462e-05
0,0,2.3496601e-05
0,0,1.2501959e-05
0,0,1.2501959e-05
0,0,2.3496601e-05
0,0,1.2153508e-05
0,0,1.1808111e-05
0,0,2.3496601e-05
0,0,1.2501959e-05
0,0,1.2501959e-05
0,0,1.2501959e-05
0,0,1.2501959e-05
0,0,1.2501959e-05
0,0,1.2828087e-05
0,0,2.1558117e-05
0,0,3.336375e-05
0,0,2.0123418e-05
0,0,0.0001425729
0,0,2.3496601e-05
0,0,1.2501959e-05
0,0,1.5314068e-05
0,0,2.0648356e-05
0,0,2.0123418e-05
0,0,1.2501959e-05
0,0,1.2153508e-05
0,0,1.2501959e-05
0,0,3.306263e-05
0,0,2.3496601e-05
0,0,2.0123418e-05
0,0,0.000565249
0,0,1.1808111e-05
0,0,1.2501959e-05
0,0,1.4597615e-05
0,0,1.2501959e-05
0,0,1.2828087e-05
0,0,1.6689846e-05
0,0,0.0012433663
0,0,1.2501959e-05
0,0,2.3496601e-05
0,0,1.2501959e-05
0,0,2.0648356e-05
0,0,1.2153508e-05
0,0,1.2501959e-05
0,0,1.4597615e-05
0,0,1.5675461e-05
0,0,2.7867518e-05
0,0,1.2501959e-05
0,0,1.2501959e-05
0,0,1.2501959e-05
0,0,1.3787462e-05
0,0,1.2501959e-05
0,0,1.3787462e-05
0,0,1.2153508e-05
0,0,2.0123418e-05
0,0,2.6864262e-05
0,0,1.28815245e-05
0,0,1.3787462e-05
0,0,1.2501959e-05
0,0,1.2501959e-05
0,0,2.0123418e-05
0,0,2.9979992e-05
0,0,1.2501959e-05
0,0,2.0123418e-05
0,0,1.2843376e-05
0,0,2.0648356e-05
0,0,1.2116139e-05
0,0,1.2501959e-05
0,0,7.038013e-05
0,0,0.0021703101
0,0,1.3787462e-05
0,0,1.2843376e-05
0,0,1.2501959e-05
0,0,1.2501959e-05
0,0,1.5675461e-05
0,0,0.00033756063
0,0,1.6955855e-05
0,0,1.1521518e-05
0,0,2.0123418e-05
0,0,1.1808111e-05
0,0,1.2153508e-05
0,0,1.1808111e-05
0,0,0.0005679019
0,0,2.0123418e-05
0,0,1.5314068e-05
0,0,0.00011577209
0,0,1.2153508e-05
0,0,1.4597615e-05
0,0,2.6864262e-05
0,0,1.3212084e-05
0,0,2.0123418e-05
0,0,1.795218e-05
0,0,1.1808111e-05
0,0,2.1558117e-05
0,0,2.2699656e-05
0,0,2.8896113e-05
0,0,1.2153508e-05
0,0,2.7867518e-05
0,0,1.2501959e-05
0,0,1.5314068e-05
0,0,4.284636e-05
0,0,1.1808111e-05
0,0,5.6344586e-05
0,0,0.00014366026
0,0,2.4092338e-05
0,0,1.1808111e-05
0,0,1.2828087e-05
0,0,2.8130793e-05
0,0,1.2501959e-05
0,0,2.0123418e-05
0,0,2.7867518e-05
0,0,2.0648356e-05
0,0,3.720235e-05
0,0,1.2501959e-05
0,0,1.2153508e-05
0,0,2.1266442e-05
0,0,1.2501959e-05
0,0,1.2501959e-05
0,0,2.0123418e-05
0,0,1.3787462e-05
0,0,1.2153508e-05
0,0,1.2478827e-05
0,0,1.1808111e-05
0,0,1.3787462e-05
0,0,1.2175514e-05
0,0,1.2501959e-05
0,0,1.3638445e-05
0,0,1.2843376e-05
0,0,0.00049998186
0,0,1.1808111e-05
0,0,1.3787462e-05
0,0,1.2501959e-05
0,0,2.0648356e-05
0,0,1.2501959e-05
0,0,0.00028086922
0,0,2.0123418e-05
0,0,1.4597615e-05
0,0,1.1808111e-05
0,0,1.4597615e-05
0,0,1.1808111e-05
0,0,1.2153508e-05
0,0,2.1952714e-05
0,0,2.0123418e-05
0,0,2.6864262e-05
0,0,1.1808111e-05
0,0,1.2501959e-05
0,0,1.2501959e-05
0,0,1.2843376e-05
0,0,2.0123418e-05
0,0,2.0123418e-05
0,0,7.0847185e-05
0,0,3.2285705e-05
0,0,2.1558117e-05
0,0,1.2843376e-05
0,0,2.0123418e-05
0,0,1.2478827e-05
0,0,1.1808111e-05
0,0,1.2501959e-05
0,0,1.2501959e-05
0,0,2.0123418e-05
0,0,1.3787462e-05
0,0,1.1521518e-05
0,0,2.8316157e-05
0,0,0.000109563
0,0,1.2478827e-05
0,0,2.0123418e-05
0,0,1.5314068e-05
0,0,1.2116139e-05
0,0,1.5314068e-05
0,0,1.9548113e-05
0,0,1.6689846e-05
0,0,1.2501959e-05
0,0,0.00050368137
0,0,2.6864262e-05
0,0,3.673915e-05
0,0,1.2501959e-05
0,0,2.0123418e-05
0,0,1.2501959e-05
0,0,1.2501959e-05
0,0,2.0123418e-05
0,0,1.2501959e-05
0,0,1.379392e-05
0,0,2.3496601e-05
0,0,1.2153508e-05
0,0,1.6213924e-05
0,0,1.2501959e-05
0,0,2.0123418e-05
0,0,2.0123418e-05
0,0,1.2478827e-05
0,0,1.2828087e-05
0,0,1.2153508e-05
0,0,1.2501959e-05
0,0,2.0123418e-05
0,0,1.1808111e-05
0,0,1.3787462e-05
0,0,1.2501959e-05
0,0,2.0123418e-05
0,0,3.6151447e-05
0,0,1.4102497e-05
0,0,1.1808111e-05
0,0,1.2153508e-05
0,0,6.640924e-05
0,0,1.2116139e-05
0,0,1.3787462e-05
0,0,1.2501959e-05
0,0,1.2501959e-05
0,0,1.3787462e-05
0,0,1.6183338e-05
0,0,1.1808111e-05
0,0,1.2501959e-05
0,0,1.6955855e-05
0,0,1.2501959e-05
0,0,3.5005356e-05
0,0,1.3212084e-05
0,0,1.2501959e-05
0,0,1.2501959e-05
0,0,1.4597615e-05
0,0,2.8594464e-05
0,0,1.2501959e-05
0,0,1.2153508e-05
0,0,1.2501959e-05
0,0,1.2501959e-05
0,0,1.2501959e-05
0,0,1.2153508e-05
0,0,2.0123418e-05
0,0,1.2153508e-05
0,0,1.6689846e-05
0,0,2.3496601e-05
0,0,1.3638445e-05
0,0,2.0123418e-05
0,0,1.2501959e-05
0,0,2.0123418e-05
0,0,1.1808111e-05
0,0,1.6689846e-05
0,0,1.4597615e-05
0,0,1.1808111e-05
0,0,1.2501959e-05
0,0,1.5675461e-05
0,0,1.2828087e-05
0,0,1.795218e-05
0,0,2.0123418e-05
0,0,1.2501959e-05
0,0,1.2843376e-05
0,0,1.2153508e-05
0,0,1.1808111e-05
0,0,1.1521518e-05
0,0,2.0123418e-05
0,0,1.2501959e-05
0,0,2.6864262e-05
0,0,1.1808111e-05
0,0,1.2843376e-05
0,0,1.1808111e-05
0,0,1.2501959e-05
0,0,1.2501959e-05
0,0,1.2501959e-05
0,0,1.2153508e-05
0,0,1.5314068e-05
0,0,2.7867518e-05
0,0,3.306263e-05
0,0,9.177414e-05
0,0,1.2501959e-05
0,0,1.2828087e-05
0,0,2.0123418e-05
0,0,1.2501959e-05
0,0,1.2501959e-05
0,0,1.2501959e-05
0,0,1.2501959e-05
0,0,1.5675461e-05
0,0,1.2501959e-05
0,0,2.1558117e-05
0,0,0.004117112
0,0,3.1464922e-05
0,0,1.2501959e-05
0,0,1.2501959e-05
0,0,1.4967728e-05
0,0,3.720235e-05
0,0,1.2501959e-05
0,0,1.2501959e-05
0,0,1.795218e-05
0,0,1.2501959e-05
0,0,1.2501959e-05
0,0,4.8255915e-05
0,0,1.2501959e-05
0,0,1.3787462e-05
0,0,1.2843376e-05
0,0,3.525881e-05
0,0,1.2501959e-05
0,0,2.8316157e-05
0,0,1.2501959e-05
0,0,1.2501959e-05
0,0,1.1808111e-05
0,0,1.4597615e-05
0,0,1.3787462e-05
0,0,1.2153508e-05
0,0,2.0123418e-05
0,0,5.3685264e-05
0,0,1.2501959e-05
0,0,1.4597615e-05
0,0,6.427037e-05
0,0,1.4597615e-05
0,0,1.2501959e-05
0,0,1.2501959e-05
0,0,1.3787462e-05
0,0,3.720235e-05
0,0,1.2828087e-05
0,0,1.1808111e-05
0,0,1.4597615e-05
0,0,1.2501959e-05
0,0,2.7867518e-05
0,0,1.2153508e-05
0,0,1.2501959e-05
0,0,1.1808111e-05
0,0,1.1521518e-05
0,0,1.3638445e-05
0,0,1.4597615e-05
0,0,1.2501959e-05
0,0,1.2153508e-05
0,0,1.2501959e-05
0,0,1.2501959e-05
0,0,2.0123418e-05
0,0,2.0123418e-05
0,0,0.00013607928
0,0,1.3787462e-05
0,0,0.000372893
0,0,1.2501959e-05
0,0,1.6689846e-05
0,0,1.2501959e-05
0,0,1.2501959e-05
0,0,2.7867518e-05
0,0,2.7867518e-05
0,0,1.2501959e-05
0,0,1.2501959e-05
0,0,1.2501959e-05
0,0,1.4597615e-05
0,0,1.1808111e-05
0,0,1.2501959e-05
0,0,1.1808111e-05
0,0,9.177414e-05
0,0,1.1521518e-05
0,0,3.2285705e-05
0,0,2.0123418e-05
0,0,2.7867518e-05
0,0,1.1521518e-05
0,0,1.4576901e-05
0,0,2.3496601e-05
0,0,1.2501959e-05
0,0,1.3787462e-05
0,0,1.1808111e-05
0,0,1.2828087e-05
0,0,1.2501959e-05
0,0,1.4597615e-05
0,0,0.0025070522
0,0,1.4597615e-05
0,0,2.0123418e-05
0,0,1.2501959e-05
0,0,1.2501959e-05
0,0,1.1808111e-05
0,0,1.2501959e-05
0,0,1.2501959e-05
0,0,1.2501959e-05
0,0,1.2501959e-05
0,0,1.2501959e-05
0,0,1.2843376e-05
0,0,1.1808111e-05
0,0,2.0648356e-05
0,0,5.397715e-05
0,0,1.2501959e-05
0,0,1.5314068e-05
0,0,1.2501959e-05
0,0,1.2501959e-05
0,0,1.2501959e-05
0,0,2.0648356e-05
0,0,1.2843376e-05
0,0,1.2501959e-05
0,0,1.6689846e-05
0,0,1.6955855e-05
0,0,1.2501959e-05
0,0,2.0123418e-05
0,0,0.0009149004
0,0,1.5675461e-05
0,0,1.2501959e-05
0,0,1.2501959e-05
0,0,1.2153508e-05
0,0,2.1558117e-05
0,0,0.00011577209
0,0,1.1808111e-05
0,0,1.1808111e-05
0,0,1.1521518e-05
0,0,1.2501959e-05
0,0,1.28815245e-05
0,0,2.0648356e-05
0,0,1.1808111e-05
0,0,1.1808111e-05
0,0,1.2843376e-05
0,0,1.379392e-05
0,0,1.2501959e-05
0,0,1.2501959e-05
0,0,1.3212084e-05
0,0,2.0123418e-05
0,0,2.0123418e-05
0,0,1.3787462e-05
0,0,1.2501959e-05
0,0,1.8767132e-05
0,0,1.2175514e-05
0,0,1.6689846e-05
0,0,1.2501959e-05
0,0,1.5314068e-05
0,0,0.19121909
0,0,1.3787462e-05
0,0,1.5314068e-05
0,0,1.1808111e-05
0,0,5.6344586e-05
0,0,1.4597615e-05
0,0,1.2175514e-05
0,0,1.3787462e-05
0,0,3.720235e-05
0,0,2.0648356e-05
0,0,1.2501959e-05
0,0,1.2501959e-05
0,0,1.2501959e-05
0,0,7.2695206e-05
0,0,0.00011923488
0,0,3.336375e-05
0,0,2.3496601e-05
0,0,1.4597615e-05
0,0,4.4539578e-05
0,0,1.1808111e-05
0,0,0.00037705302
0,0,1.1808111e-05
0,0,1.3787462e-05
0,0,1.2501959e-05
0,0,1.2501959e-05
0,0,3.2538763e-05
0,0,1.2501959e-05
0,0,1.2843376e-05
0,0,1.2501959e-05
0,0,1.2501959e-05
0,0,2.7867518e-05
0,0,1.2828087e-05
0,0,1.2501959e-05
0,0,1.5314068e-05
0,0,2.7867518e-05
0,0,1.4597615e-05
0,0,1.2828087e-05
0,0,5.0996852e-05
0,0,2.0123418e-05
0,0,3.0762043e-05
0,0,5.856529e-05
0,0,1.3787462e-05
0,0,1.6689846e-05
0,0,2.0123418e-05
0,0,3.720235e-05
0,0,2.0123418e-05
0,0,1.2501959e-05
0,0,1.2501959e-05
0,0,1.2501959e-05
0,0,1.2501959e-05
0,0,1.2501959e-05
0,0,1.2843376e-05
0,0,1.2501959e-05
0,0,2.7867518e-05
0,0,1.4597615e-05
0,0,1.1521518e-05
0,0,2.0123418e-05
0,0,1.2501959e-05
0,0,1.1808111e-05
0,0,1.1808111e-05
0,0,2.0123418e-05
0,0,1.2153508e-05
0,0,3.306263e-05
0,0,1.4597615e-05
0,0,9.915311e-05
0,0,1.1808111e-05
0,0,1.1808111e-05
0,0,1.2501959e-05
0,0,1.1521518e-05
0,0,1.4597615e-05
0,0,2.0123418e-05
0,0,0.0028883435
0,0,2.7867518e-05
0,0,1.4597615e-05
0,0,1.2501959e-05
0,0,1.5314068e-05
0,0,2.7867518e-05
0,0,1.2843376e-05
0,0,1.2501959e-05
0,0,1.1521518e-05
0,0,2.1952714e-05
0,0,1.1808111e-05
0,0,1.2501959e-05
0,0,2.7867518e-05
0,0,1.2501959e-05
0,0,1.3787462e-05
0,0,1.2153508e-05
0,0,5.3685264e-05
0,0,2.0123418e-05
0,0,1.2501959e-05
0,0,1.5314068e-05
0,0,6.0276736e-05
0,0,8.150588e-05
0,0,1.2501959e-05
0,0,1.2501959e-05
0,0,0.0006474251
0,0,1.2501959e-05
0,0,1.1521518e-05
0,0,0.000109563
0,0,1.3787462e-05
0,0,1.2501959e-05
0,0,1.4597615e-05
0,0,1.4597615e-05
0,0,2.0123418e-05
0,0,1.795218e-05
0,0,1.2501959e-05
0,0,1.5314068e-05
0,0,1.2501959e-05
0,0,1.1808111e-05
0,0,1.2501959e-05
0,0,5.0877163e-05
0,0,2.3496601e-05
0,0,1.2501959e-05
0,0,1.1521518e-05
0,0,7.0847185e-05
0,0,1.4576901e-05
0,0,2.0123418e-05
0,0,1.2501959e-05
0,0,1.2501959e-05
0,0,0.0021703101
0,0,2.0123418e-05
0,0,1.2153508e-05
0,0,2.0648356e-05
0,0,1.2501959e-05
0,0,1.2501959e-05
0,0,1.2501959e-05
0,0,2.0648356e-05
0,0,1.1808111e-05
0,0,1.2501959e-05
0,0,1.2501959e-05
0,0,1.2501959e-05
0,0,1.4102497e-05
0,0,1.2153508e-05
0,0,1.4597615e-05
0,0,2.0123418e-05
0,0,1.5314068e-05
0,0,1.2501959e-05
0,0,2.0648356e-05
0,0,2.0123418e-05
0,0,2.7867518e-05
0,0,1.2501959e-05
0,0,1.2501959e-05
0,0,1.2501959e-05
0,0,1.4597615e-05
0,0,1.1808111e-05
0,0,1.2501959e-05
0,0,1.2501959e-05
0,0,1.2501959e-05
0,0,1.2153508e-05
0,0,1.2501959e-05
0,0,1.1808111e-05
0,0,2.8130793e-05
0,0,1.2153508e-05
0,0,1.1521518e-05
0,0,1.2501959e-05
0,0,2.7867518e-05
0,0,1.1808111e-05
0,0,1.5675461e-05
0,0,3.2538763e-05
0,0,1.4597615e-05
0,0,1.2501959e-05
0,0,5.6344586e-05
0,0,2.7867518e-05
0,0,2.2824863e-05
0,0,1.2153508e-05
0,0,1.3787462e-05
0,0,1.2501959e-05
0,0,1.9548113e-05
0,0,1.2116139e-05
0,0,2.0123418e-05
0,0,7.991666e-05
0,0,1.2501959e-05
0,0,1.1521518e-05
0,0,1.3638445e-05
0,0,1.2828087e-05
0,0,1.3787462e-05
0,0,1.2501959e-05
0,0,1.1808111e-05
0,0,7.981415e-05
0,0,1.5314068e-05
0,0,2.3496601e-05
0,0,1.2478827e-05
0,0,1.2828087e-05
0,0,2.0648356e-05
0,0,1.5314068e-05
0,0,1.2501959e-05
0,0,1.5314068e-05
0,0,1.2153508e-05
0,0,2.7867518e-05
0,0,1.3787462e-05
0,0,1.2501959e-05
0,0,1.1808111e-05
0,0,1.2153508e-05
0,0,2.0648356e-05
0,0,1.1808111e-05
0,0,1.6689846e-05
0,0,1.2843376e-05
0,0,1.2153508e-05
0,0,1.1808111e-05
0,0,3.306263e-05
0,0,7.0847185e-05
0,0,2.0123418e-05
0,0,2.8896113e-05
0,0,1.2501959e-05
0,0,3.720235e-05
0,0,1.1521518e-05
0,0,1.1808111e-05
0,0,1.1808111e-05
0,0,1.2501959e-05
0,0,1.2501959e-05
0,0,1.5314068e-05
0,0,1.3212084e-05
0,0,3.8619244e-05
1,1,0.8522585
0,0,1.1521518e-05
0,0,1.2501959e-05
0,0,1.2501959e-05
0,0,1.2153508e-05
0,0,1.1808111e-05
0,0,1.2501959e-05
0,0,1.1808111e-05
0,0,1.2843376e-05
0,0,1.2501959e-05
0,0,1.1808111e-05
0,0,1.5314068e-05
0,0,1.4597615e-05
0,0,1.2843376e-05
0,0,1.2501959e-05
0,0,1.2501959e-05
0,0,1.1521518e-05
0,0,1.7476706e-05
0,0,1.28815245e-05
0,0,1.1808111e-05
0,0,1.1808111e-05
0,0,1.6213924e-05
0,0,0.00072044105
0,0,1.2501959e-05
0,0,0.021414591
0,0,1.7476706e-05
0,0,1.4597615e-05
0,0,1.2501959e-05
0,0,1.6689846e-05
0,0,1.2501959e-05
0,0,1.2501959e-05
0,0,2.0123418e-05
0,0,1.2501959e-05
0,0,2.0123418e-05
0,0,1.5763579e-05
0,0,0.0049935034
0,0,0.0041742977
0,0,1.2116139e-05
0,0,1.2501959e-05
0,0,1.6689846e-05
0,0,1.2501959e-05
0,0,1.2828087e-05
0,0,2.0123418e-05
0,0,2.0648356e-05
0,0,0.00051081023
0,0,1.2501959e-05
0,0,2.1266442e-05
0,0,1.3638445e-05
0,0,1.2501959e-05
0,0,0.0064698528
0,0,1.2501959e-05
0,0,1.1808111e-05
0,0,2.7867518e-05
0,0,1.1808111e-05
0,0,1.2478827e-05
0,0,1.5314068e-05
0,0,1.1808111e-05
0,0,2.0123418e-05
0,0,1.6183338e-05
0,0,1.1808111e-05
0,0,1.2501959e-05
0,0,1.1808111e-05
0,0,1.2501959e-05
0,0,1.2501959e-05
0,0,1.2501959e-05
0,0,2.0123418e-05
0,0,1.2501959e-05
0,0,2.0123418e-05
0,0,8.2722225e-05
0,0,1.2501959e-05
0,0,2.0123418e-05
0,0,1.4597615e-05
0,0,1.1521518e-05
0,0,2.0123418e-05
0,0,6.8568654e-05
0,0,1.2501959e-05
0,0,1.1808111e-05
0,0,1.2501959e-05
0,0,1.3212084e-05
0,0,1.5314068e-05
0,0,1.2501959e-05
0,0,1.2501959e-05
0,0,1.795218e-05
0,0,2.1558117e-05
0,0,1.1808111e-05
0,0,2.0123418e-05
0,0,1.2843376e-05
0,0,2.7867518e-05
0,0,1.2153508e-05
0,0,0.008866694
0,0,1.1808111e-05
0,0,1.2843376e-05
0,0,1.6689846e-05
0,0,1.1808111e-05
0,0,1.3787462e-05
0,0,1.4597615e-05
0,0,1.1808111e-05
0,0,2.3496601e-05
0,0,1.2501959e-05
0,0,1.1808111e-05
0,0,2.0123418e-05
0,0,1.2175514e-05
0,0,1.4597615e-05
0,0,1.2175514e-05
0,0,1.1808111e-05
0,0,2.94504e-05
0,0,7.728711e-05
0,0,1.1808111e-05
0,0,1.1808111e-05
0,0,1.2116139e-05
0,0,1.2501959e-05
0,0,2.0123418e-05
0,0,1.2828087e-05
0,0,1.4597615e-05
0,0,0.008734379
0,0,1.1808111e-05
0,0,1.4597615e-05
0,0,2.0123418e-05
0,0,1.6689846e-05
0,0,1.2501959e-05
0,0,1.5314068e-05
0,0,1.1808111e-05
0,0,2.1558117e-05
0,0,1.2501959e-05
0,0,3.754285e-05
0,0,1.2501959e-05
0,0,1.6183338e-05
0,0,1.2501959e-05
0,0,2.0123418e-05
0,0,3.56026e-05
0,0,2.0658461e-05
0,0,2.8896113e-05
0,0,1.3212084e-05
0,0,1.2501959e-05
0,0,2.0123418e-05
0,0,1.2501959e-05
0,0,4.898841e-05
0,0,1.1521518e-05
0,0,1.2501959e-05
0,0,2.7867518e-05
0,0,1.1521518e-05
0,0,1.1808111e-05
0,0,2.0648356e-05
0,0,2.0123418e-05
0,0,1.1808111e-05
0,0,1.1808111e-05
0,0,1.2501959e-05
0,0,1.1808111e-05
0,0,8.260162e-05
0,0,1.2175514e-05
0,0,1.2501959e-05
0,0,2.1558117e-05
0,0,2.0123418e-05
0,0,1.2501959e-05
0,0,2.7867518e-05
0,0,1.3787462e-05
0,0,1.1808111e-05
0,0,1.2501959e-05
0,0,1.2501959e-05
0,0,1.2501959e-05
0,0,1.5314068e-05
0,0,1.2501959e-05
0,0,1.4597615e-05
0,0,2.7867518e-05
0,0,1.1808111e-05
0,0,1.1808111e-05
0,0,1.2843376e-05
0,0,1.1808111e-05
0,0,1.2828087e-05
0,0,0.00045153202
0,0,1.2501959e-05
0,0,1.2501959e-05
0,0,1.2175514e-05
0,0,1.2501959e-05
0,0,1.1808111e-05
0,0,2.0123418e-05
0,0,1.2153508e-05
0,0,1.4102497e-05
0,0,1.2153508e-05
0,0,1.2501959e-05
0,0,1.1808111e-05
0,0,1.2843376e-05
0,0,1.2501959e-05
0,0,0.0028883435
0,0,2.7867518e-05
0,0,2.0123418e-05
0,0,1.2501959e-05
0,0,2.7867518e-05
0,0,2.6864262e-05
0,0,1.4597615e-05
0,0,1.2501959e-05
0,0,0.00270449
0,0,1.2501959e-05
0,0,2.6517435e-05
0,0,1.3212084e-05
0,0,2.1558117e-05
0,0,0.010932248
0,0,2.0123418e-05
0,0,1.1808111e-05
0,0,2.0123418e-05
0,0,6.5755885e-05
0,0,2.7867518e-05
0,0,1.2828087e-05
0,0,0.0018444967
0,0,2.0123418e-05
0,0,2.0123418e-05
0,0,1.3787462e-05
0,0,2.1558117e-05
0,0,1.2501959e-05
0,0,1.4597615e-05
0,0,1.2501959e-05
0,0,0.007345267
0,0,1.2501959e-05
0,0,1.2501959e-05
0,0,1.1521518e-05
0,0,2.0123418e-05
0,0,1.5675461e-05
0,0,1.2501959e-05
0,0,2.1558117e-05
0,0,1.2501959e-05
0,0,1.2153508e-05
0,0,7.2719195e-05
0,0,1.2501959e-05
0,0,1.2153508e-05
0,0,1.1808111e-05
0,0,1.2501959e-05
0,0,1.2843376e-05
0,0,9.177414e-05
0,0,2.0123418e-05
0,0,2.8130793e-05
0,0,1.1521518e-05
0,0,1.5314068e-05
0,0,1.28815245e-05
0,0,2.8896113e-05
0,0,1.4597615e-05
0,0,1.3787462e-05
0,0,1.2501959e-05
0,0,1.1808111e-05
0,0,2.7867518e-05
0,0,1.2501959e-05
0,0,2.3496601e-05
0,0,2.0123418e-05
0,0,2.0123418e-05
0,0,1.2501959e-05
0,0,1.2501959e-05
0,0,1.2501959e-05
0,0,1.2153508e-05
0,0,2.1952714e-05
0,0,8.2722225e-05
0,0,1.2153508e-05
0,0,2.7867518e-05
0,0,1.1808111e-05
0,0,1.2116139e-05
0,0,1.5675461e-05
0,0,1.2478827e-05
0,0,9.177414e-05
0,0,1.4597615e-05
0,0,1.5314068e-05
0,0,1.4597615e-05
0,0,1.1808111e-05
0,0,1.5314068e-05
0,0,2.8316157e-05
0,0,1.2828087e-05
0,0,1.2501959e-05
0,0,9.177414e-05
0,0,1.4597615e-05
0,0,2.1952714e-05
0,0,2.0123418e-05
0,0,1.2501959e-05
0,0,1.2501959e-05
0,0,1.2501959e-05
0,0,2.0123418e-05
0,0,1.2153508e-05
0,0,1.4597615e-05
0,0,2.0123418e-05
0,0,1.3319822e-05
0,0,1.2501959e-05
0,0,1.6689846e-05
0,0,8.493308e-05
0,0,2.0123418e-05
0,0,7.432502e-05
0,0,1.1808111e-05
0,0,2.7867518e-05
0,0,1.28815245e-05
0,0,1.2828087e-05
0,0,1.1808111e-05
0,0,1.2828087e-05
0,0,0.005882212
0,0,1.2153508e-05
0,0,0.00040799624
0,0,2.8594464e-05
0,0,1.2153508e-05
0,0,1.2501959e-05
0,0,1.2828087e-05
0,0,1.2501959e-05
0,0,1.3787462e-05
0,0,0.0005449498
0,0,0.0003091888
0,0,1.2501959e-05
0,0,1.379392e-05
0,0,1.2501959e-05
0,0,1.2153508e-05
0,0,1.3787462e-05
0,0,0.043637637
0,0,0.00028104387
0,0,2.0123418e-05
0,0,2.0123418e-05
0,0,2.8130793e-05
0,0,1.2501959e-05
0,0,1.5314068e-05
0,0,2.0123418e-05
0,0,1.5314068e-05
0,0,1.2501959e-05
0,0,2.0123418e-05
0,0,2.0123418e-05
0,0,1.2116139e-05
0,0,1.2501959e-05
0,0,1.2501959e-05
0,0,2.8896113e-05
0,0,1.2501959e-05
0,0,1.2501959e-05
0,0,1.2153508e-05
0,0,1.2153508e-05
0,0,1.2501959e-05
0,0,1.5314068e-05
0,0,1.2501959e-05
0,0,1.2828087e-05
0,0,1.1808111e-05
0,0,1.2501959e-05
0,0,1.3787462e-05
0,0,1.5314068e-05
0,0,1.2501959e-05
0,0,1.795218e-05
0,0,1.2501959e-05
0,0,1.2501959e-05
0,0,1.5314068e-05
0,0,2.8130793e-05
0,0,1.5763579e-05
0,0,1.4597615e-05
0,0,1.5675461e-05
0,0,1.3787462e-05
0,0,1.2501959e-05
0,0,2.3496601e-05
0,0,1.2153508e-05
0,0,1.2501959e-05
0,0,1.2501959e-05
0,0,1.2501959e-05
0,0,1.2843376e-05
0,0,1.2501959e-05
0,0,2.0123418e-05
0,0,1.2501959e-05
0,0,0.0006474251
0,0,1.2501959e-05
0,0,1.2501959e-05
0,0,1.2501959e-05
0,0,1.2153508e-05
0,0,2.0123418e-05
0,0,0.002755035
0,0,1.2501959e-05
0,0,0.00071938214
0,0,0.00014943717
0,0,1.2501959e-05
0,0,1.795218e-05
0,0,1.2501959e-05
1,1,0.6200339
0,0,2.7867518e-05
0,0,8.2722225e-05
0,0,1.4597615e-05
0,0,1.2501959e-05
0,0,1.2843376e-05
0,0,5.6344586e-05
0,0,1.2501959e-05
0,0,1.2501959e-05
0,0,3.2538763e-05
0,0,1.4597615e-05
0,0,1.1808111e-05
0,0,2.0123418e-05
0,0,1.5314068e-05
0,0,0.0034948243
0,0,1.5314068e-05
0,0,2.1266442e-05
0,0,1.2501959e-05
0,0,1.2153508e-05
0,0,1.1808111e-05
0,0,1.2501959e-05
0,0,1.5314068e-05
0,0,1.2843376e-05
0,0,6.0276736e-05
0,0,1.4597615e-05
0,0,1.2153508e-05
0,0,1.3212084e-05
0,0,1.2501959e-05
0,0,1.2843376e-05
0,0,1.3638445e-05
0,0,1.6689846e-05
0,0,1.2153508e-05
0,0,1.795218e-05
0,0,1.2501959e-05
0,0,2.0123418e-05
0,0,2.7867518e-05
0,0,1.2501959e-05
0,0,1.2501959e-05
0,0,1.4597615e-05
0,0,2.0123418e-05
0,0,1.2478827e-05
0,0,7.0847185e-05
0,0,1.4102497e-05
0,0,1.1808111e-05
0,0,1.5314068e-05
0,0,1.2153508e-05
0,0,1.2501959e-05
0,0,1.6955855e-05
0,0,1.2153508e-05
0,0,1.2843376e-05
0,0,1.2501959e-05
0,0,1.3787462e-05
0,0,2.0123418e-05
0,0,1.1521518e-05
0,0,1.6183338e-05
0,0,1.3638445e-05
0,0,1.2501959e-05
0,0,1.2501959e-05
0,0,2.0123418e-05
0,0,1.4597615e-05
0,0,2.0123418e-05
0,0,2.0648356e-05
0,0,1.1808111e-05
0,0,1.2501959e-05
0,0,1.2501959e-05
0,0,1.2116139e-05
0,0,1.2501959e-05
0,0,1.1521518e-05
0,0,2.0123418e-05
0,0,1.2116139e-05
0,0,9.177414e-05
0,0,2.0123418e-05
0,0,1.2501959e-05
0,0,2.0123418e-05
0,0,1.2153508e-05
0,0,1.2501959e-05
0,0,1.4576901e-05
0,0,5.6344586e-05
0,0,6.0276736e-05
0,0,1.2501959e-05
0,0,1.3212084e-05
0,0,0.010932248
0,0,1.5376483e-05
0,0,1.4597615e-05
0,0,1.3638445e-05
0,0,1.2153508e-05
0,0,2.3496601e-05
0,0,2.7867518e-05
0,0,2.7867518e-05
0,0,1.2478827e-05
0,0,1.3787462e-05
0,0,1.2501959e-05
0,0,2.1558117e-05
0,0,1.6955855e-05
0,0,1.4597615e-05
0,0,1.4597615e-05
0,0,0.00011816504
0,0,1.4597615e-05
0,0,1.2478827e-05
0,0,1.4597615e-05
0,0,3.8956252e-05
0,0,2.8896113e-05
0,0,1.2478827e-05
0,0,1.1808111e-05
0,0,3.8956252e-05
0,0,1.1808111e-05
0,0,1.2501959e-05
0,0,1.3787462e-05
0,0,1.5314068e-05
0,0,1.2501959e-05
0,0,1.2153508e-05
0,0,1.5314068e-05
0,0,1.2501959e-05
0,0,3.720235e-05
0,0,2.0123418e-05
0,0,1.1808111e-05
0,0,2.3496601e-05
0,0,1.2501959e-05
0,0,1.3212084e-05
0,0,1.2843376e-05
0,0,1.2828087e-05
0,0,1.5314068e-05
0,0,1.6183338e-05
0,0,1.2153508e-05
0,0,7.487114e-05
0,0,1.3212084e-05
0,0,1.2153508e-05
0,0,2.7867518e-05
0,0,1.1808111e-05
0,0,2.6864262e-05
0,0,1.4597615e-05
0,0,1.2501959e-05
0,0,1.3638445e-05
0,0,1.2501959e-05
0,0,1.1808111e-05
0,0,1.3787462e-05
0,0,1.2153508e-05
0,0,2.7867518e-05
0,0,1.4597615e-05
0,0,1.2153508e-05
0,0,0.00013831645
0,0,1.2478827e-05
0,0,1.1521518e-05
0,0,1.2153508e-05
0,0,1.2501959e-05
0,0,1.1808111e-05
0,0,1.3787462e-05
0,0,1.2501959e-05
0,0,1.2501959e-05
0,0,1.2153508e-05
0,0,1.1521518e-05
0,0,2.3496601e-05
0,0,1.2501959e-05
0,0,1.28815245e-05
0,0,0.00030480794
0,0,5.6344586e-05
0,0,2.6864262e-05
0,0,1.3212084e-05
0,0,2.0123418e-05
0,0,1.2501959e-05
0,0,1.3787462e-05
0,0,1.2501959e-05
0,0,1.2501959e-05
0,0,1.1808111e-05
0,0,3.2538763e-05
0,0,1.5314068e-05
0,0,1.795218e-05
0,0,1.2501959e-05
0,0,1.6213924e-05
0,0,1.4597615e-05
0,0,2.0648356e-05
0,0,1.2501959e-05
0,0,0.00021479515
0,0,1.2501959e-05
0,0,7.802661e-05
0,0,1.6689846e-05
0,0,2.0123418e-05
0,0,1.2175514e-05
0,0,1.4597615e-05
0,0,2.0123418e-05
0,0,1.4597615e-05
0,0,1.2501959e-05
0,0,1.4597615e-05
0,0,1.2501959e-05
0,0,1.4597615e-05
0,0,1.2153508e-05
0,0,1.2501959e-05
0,0,1.4597615e-05
0,0,0.0021703101
0,0,1.2501959e-05
0,0,2.7867518e-05
0,0,1.3638445e-05
0,0,1.2478827e-05
0,0,1.3212084e-05
0,0,1.2843376e-05
0,0,1.2501959e-05
0,0,1.2501959e-05
0,0,2.6864262e-05
0,0,1.2501959e-05
0,0,1.2501959e-05
0,0,1.5314068e-05
0,0,1.2501959e-05
0,0,2.0123418e-05
0,0,1.1521518e-05
0,0,1.5314068e-05
0,0,1.2501959e-05
0,0,1.4597615e-05
0,0,1.2501959e-05
0,0,1.2501959e-05
0,0,1.2153508e-05
0,0,1.3787462e-05
0,0,1.2501959e-05
0,0,1.795218e-05
0,0,1.2828087e-05
0,0,1.2501959e-05
0,0,1.2153508e-05
0,0,1.2501959e-05
0,0,2.7867518e-05
0,0,2.7867518e-05
0,0,1.1808111e-05
0,0,2.0123418e-05
0,0,2.0123418e-05
0,0,3.720235e-05
0,0,1.2501959e-05
0,0,1.2501959e-05
0,0,1.4597615e-05
0,0,1.2501959e-05
0,0,1.4597615e-05
0,0,1.2501959e-05
0,0,1.2501959e-05
0,0,1.2501959e-05
0,0,1.2153508e-05
0,0,1.4597615e-05
0,0,1.2153508e-05
0,0,1.2501959e-05
0,0,2.0123418e-05
0,0,1.5763579e-05
0,0,1.4597615e-05
0,0,1.2501959e-05
0,0,1.28815245e-05
0,0,1.2501959e-05
0,0,1.2501959e-05
0,0,1.2501959e-05
0,0,1.2501959e-05
0,0,2.0123418e-05
0,0,1.2828087e-05
0,0,2.0123418e-05
0,0,1.2153508e-05
0,0,2.1558117e-05
0,0,2.0123418e-05
0,0,1.2153508e-05
0,0,2.0123418e-05
0,0,3.5005356e-05
0,0,1.2501959e-05
0,0,1.1521518e-05
0,0,1.2175514e-05
0,0,2.9979992e-05
0,0,1.2153508e-05
0,0,1.4597615e-05
0,0,1.2153508e-05
0,0,1.2501959e-05
0,0,1.2153508e-05
0,0,2.7867518e-05
0,0,2.0123418e-05
0,0,1.2501959e-05
0,0,1.2153508e-05
0,0,2.7867518e-05
0,0,1.2501959e-05
0,0,1.2501959e-05
0,0,1.6183338e-05
0,0,1.6955855e-05
0,0,1.2501959e-05
0,0,1.2501959e-05
0,0,1.1808111e-05
0,0,3.720235e-05
0,0,1.2501959e-05
0,0,1.2501959e-05
0,0,1.2501959e-05
0,0,1.1808111e-05
0,0,9.0846916e-05
0,0,1.2828087e-05
0,0,1.1808111e-05
0,0,2.0648356e-05
0,0,1.4597615e-05
0,0,3.720235e-05
0,0,7.0847185e-05
0,0,1.2501959e-05
0,0,1.1808111e-05
0,0,1.2501959e-05
0,0,1.2501959e-05
0,0,1.4597615e-05
0,0,1.1808111e-05
0,0,1.6183338e-05
0,0,1.2501959e-05
0,0,1.4597615e-05
0,0,1.2153508e-05
0,0,0.005598785
0,0,1.2501959e-05
0,0,2.3496601e-05
0,0,1.2501959e-05
0,0,0.0024363804
0,0,1.2501959e-05
0,0,1.2501959e-05
0,0,2.7867518e-05
0,0,2.0123418e-05
0,0,3.306263e-05
0,0,1.2501959e-05
0,0,1.2501959e-05
0,0,2.0123418e-05
0,0,1.1521518e-05
0,0,1.2828087e-05
0,0,1.4102497e-05
0,0,1.2501959e-05
0,0,1.2153508e-05
0,0,1.2501959e-05
0,0,2.0123418e-05
0,0,2.7867518e-05
0,0,1.3787462e-05
0,0,1.1808111e-05
0,0,1.2501959e-05
0,0,1.2501959e-05
0,0,2.7867518e-05
0,0,1.2501959e-05
0,0,1.2501959e-05
0,0,1.2501959e-05
0,0,1.1808111e-05
0,0,2.0648356e-05
0,0,0.0005449498
0,0,1.3787462e-05
0,0,1.1808111e-05
0,0,0.0005449498
0,0,2.0658461e-05
0,0,1.2501959e-05
0,0,1.2501959e-05
0,0,1.2501959e-05
0,0,1.2153508e-05
0,0,2.0123418e-05
0,0,1.2501959e-05
0,0,2.0123418e-05
0,0,1.2501959e-05
0,0,3.5005356e-05
0,0,1.2501959e-05
0,0,0.0021703101
0,0,1.2501959e-05
0,0,1.2153508e-05
0,0,1.2501959e-05
0,0,1.4597615e-05
0,0,1.2828087e-05
0,0,2.1952714e-05
0,0,1.2501959e-05
0,0,1.2501959e-05
0,0,2.0123418e-05
0,0,1.2501959e-05
0,0,2.3496601e-05
0,0,2.0123418e-05
0,0,1.2843376e-05
0,0,0.00033756063
0,0,2.0123418e-05
0,0,1.3212084e-05
0,0,1.2153508e-05
0,0,1.2501959e-05
0,0,1.1521518e-05
0,0,1.6689846e-05
0,0,1.2501959e-05
0,0,1.2501959e-05
0,0,1.6689846e-05
0,0,2.7867518e-05
0,0,1.3787462e-05
0,0,7.0847185e-05
0,0,3.720235e-05
0,0,1.2153508e-05
0,0,1.2501959e-05
0,0,3.2285705e-05
0,0,1.3787462e-05
0,0,1.2501959e-05
0,0,1.2501959e-05
0,0,1.1808111e-05
0,0,1.2501959e-05
0,0,2.1266442e-05
0,0,8.302339e-05
0,0,1.2501959e-05
0,0,1.2501959e-05
0,0,2.7867518e-05
0,0,1.4597615e-05
0,0,0.00027822773
0,0,1.2478827e-05
0,0,2.8896113e-05
0,0,1.2501959e-05
0,0,1.2843376e-05
0,0,2.3496601e-05
0,0,1.2501959e-05
0,0,1.6689846e-05
0,0,7.0847185e-05
0,0,1.2153508e-05
0,0,1.2175514e-05
0,0,7.0847185e-05
0,0,1.1521518e-05
0,0,9.177414e-05
0,0,1.2501959e-05
0,0,1.2501959e-05
0,0,2.7867518e-05
0,0,1.4597615e-05
0,0,1.2501959e-05
0,0,1.5314068e-05
0,0,1.2501959e-05
0,0,2.6864262e-05
0,0,1.2501959e-05
0,0,1.3787462e-05
0,0,1.2501959e-05
0,0,2.3496601e-05
0,0,0.0028883435
0,0,2.3496601e-05
0,0,4.8255915e-05
0,0,1.2478827e-05
0,0,1.5314068e-05
0,0,1.2501959e-05
0,0,0.0032086067
0,0,2.0123418e-05
0,0,0.0031592834
0,0,0.0004909699
0,0,1.2153508e-05
0,0,2.0058045e-05
0,0,1.2828087e-05
0,0,1.2828087e-05
0,0,1.2501959e-05
0,0,1.2501959e-05
0,0,0.010932248
0,0,1.2501959e-05
0,0,1.2501959e-05
0,0,1.1521518e-05
0,0,1.2501959e-05
0,0,1.2501959e-05
0,0,1.2501959e-05
0,0,1.1808111e-05
0,0,1.2501959e-05
0,0,1.2501959e-05
0,0,2.8130793e-05
0,0,1.2501959e-05
0,0,1.1808111e-05
0,0,2.0123418e-05
0,0,2.8130793e-05
0,0,0.0001933241
0,0,2.0123418e-05
0,0,1.2501959e-05
0,0,1.1808111e-05
0,0,1.4102497e-05
0,0,3.306263e-05
0,0,1.2501959e-05
0,0,2.0123418e-05
0,0,2.0123418e-05
0,0,1.2501959e-05
0,0,2.7867518e-05
0,0,0.0021703101
0,0,1.2153508e-05
0,0,1.2501959e-05
0,0,1.2501959e-05
0,0,2.7867518e-05
0,0,2.3496601e-05
0,0,0.0034326382
0,0,2.1325115e-05
0,0,1.2153508e-05
0,0,6.0276736e-05
0,0,1.2153508e-05
0,0,1.1808111e-05
0,0,1.2501959e-05
0,0,2.0123418e-05
0,0,1.3638445e-05
0,0,1.2843376e-05
0,0,1.1808111e-05
0,0,5.0028277e-05
0,0,2.0123418e-05
0,0,9.752765e-05
0,0,0.0004211682
0,0,2.0123418e-05
0,0,1.2153508e-05
0,0,2.0123418e-05
0,0,2.7867518e-05
0,0,1.2828087e-05
0,0,1.2843376e-05
0,0,1.2501959e-05
0,0,1.2501959e-05
0,0,1.1808111e-05
0,0,1.4597615e-05
0,0,0.0005130182
0,0,2.2699656e-05
0,0,1.2153508e-05
0,0,1.2501959e-05
0,0,1.2843376e-05
0,0,2.7867518e-05
0,0,1.2501959e-05
0,0,1.2501959e-05
0,0,1.1808111e-05
0,0,2.0123418e-05
0,0,2.7867518e-05
0,0,1.2501959e-05
0,0,8.4825515e-05
0,0,1.5314068e-05
0,0,1.2153508e-05
0,0,1.1808111e-05
0,0,2.7867518e-05
0,0,2.0123418e-05
0,0,1.3787462e-05
0,0,1.4597615e-05
0,0,1.2501959e-05
0,0,2.3496601e-05
0,0,2.0123418e-05
0,0,2.7867518e-05
0,0,1.3638445e-05
0,0,2.7867518e-05
0,0,1.2501959e-05
0,0,2.1952714e-05
0,0,1.1808111e-05
0,0,2.0123418e-05
0,0,1.6183338e-05
0,0,0.0011269368
0,0,1.2501959e-05
0,0,1.2501959e-05
0,0,1.2501959e-05
0,0,1.2153508e-05
0,0,1.3638445e-05
0,0,1.1808111e-05
0,0,1.8463217e-05
0,0,1.2501959e-05
0,0,1.2501959e-05
0,0,0.00029441714
0,0,1.1808111e-05
0,0,2.8594464e-05
0,0,0.0021703101
0,0,1.28815245e-05
0,0,1.2501959e-05
0,0,2.0123418e-05
0,0,0.00013342842
0,0,1.3787462e-05
0,0,1.2501959e-05
0,0,1.2501959e-05
0,0,1.2501959e-05
0,0,1.2501959e-05
0,0,1.4597615e-05
0,0,3.8619244e-05
0,0,2.7867518e-05
0,0,1.2501959e-05
0,0,0.00021583085
0,0,2.0123418e-05
0,0,1.3638445e-05
0,0,2.7867518e-05
0,0,1.2501959e-05
0,0,0.00072044105
0,0,1.5314068e-05
0,0,4.3985034e-05
0,0,0.0046843095
0,0,1.2501959e-05
0,0,1.4597615e-05
0,0,2.7867518e-05
0,0,2.3496601e-05
0,0,1.1808111e-05
0,0,1.6689846e-05
0,0,1.2501959e-05
0,0,1.2843376e-05
0,0,1.1808111e-05
0,0,8.2722225e-05
0,0,2.0123418e-05
0,0,1.4597615e-05
0,0,1.1521518e-05
0,0,0.00025602255
0,0,2.0123418e-05
0,0,1.2501959e-05
0,0,2.7867518e-05
0,0,2.0648356e-05
0,0,1.1808111e-05
0,0,7.0847185e-05
0,0,2.0648356e-05
0,0,2.7867518e-05
0,0,1.6689846e-05
0,0,2.0123418e-05
0,0,1.2153508e-05
0,0,1.3787462e-05
0,0,1.2501959e-05
0,0,2.0123418e-05
0,0,1.1521518e-05
0,0,1.2153508e-05
0,0,3.1464922e-05
0,0,1.795218e-05
0,0,1.2501959e-05
0,0,2.0123418e-05
0,0,1.2501959e-05
0,0,1.3212084e-05
0,0,2.7867518e-05
0,0,1.2501959e-05
0,0,1.1808111e-05
0,0,1.2501959e-05
0,0,1.2501959e-05
0,0,1.2501959e-05
0,0,3.720235e-05
0,0,0.00033756063
0,0,1.2843376e-05
0,0,2.6864262e-05
0,0,1.2501959e-05
0,0,1.1808111e-05
0,0,1.2501959e-05
0,0,1.3787462e-05
0,0,2.7867518e-05
0,0,1.4597615e-05
0,0,0.0014985271
0,0,1.4597615e-05
0,0,2.3496601e-05
0,0,2.0123418e-05
0,0,1.2501959e-05
0,0,1.2501959e-05
0,0,1.2501959e-05
0,0,1.2501959e-05
0,0,1.2501959e-05
0,0,1.2501959e-05
0,0,1.2501959e-05
0,0,1.1808111e-05
0,0,3.720235e-05
0,0,1.2501959e-05
0,0,1.2501959e-05
0,0,1.1808111e-05
0,0,1.2501959e-05
0,0,1.3212084e-05
0,0,1.2501959e-05
0,0,2.7867518e-05
0,0,1.1808111e-05
0,0,2.0123418e-05
0,0,1.4597615e-05
0,0,1.1808111e-05
0,0,1.1808111e-05
0,0,1.2501959e-05
0,0,1.3787462e-05
0,0,1.1521518e-05
0,0,1.3787462e-05
0,0,1.2501959e-05
0,0,1.2843376e-05
0,0,1.1808111e-05
0,0,1.2501959e-05
0,0,2.0123418e-05
0,0,1.2501959e-05
0,0,2.0123418e-05
0,0,1.2501959e-05
0,0,1.2843376e-05
0,0,1.4597615e-05
0,0,2.0123418e-05
0,0,1.4597615e-05
0,0,1.5314068e-05
0,0,1.2153508e-05
0,0,1.795218e-05
0,0,1.2501959e-05
0,0,1.2501959e-05
0,0,1.4597615e-05
0,0,1.1808111e-05
0,0,1.2501959e-05
0,0,0.00096154446
0,0,0.00270449
0,0,2.7867518e-05
0,0,1.379392e-05
0,0,3.673915e-05
0,0,1.2828087e-05
0,0,1.2501959e-05
0,0,1.1808111e-05
0,0,1.3787462e-05
0,0,1.5763579e-05
0,0,1.2478827e-05
0,0,1.3212084e-05
0,0,1.3787462e-05
0,0,1.4597615e-05
0,0,0.000104334635
0,0,2.1266442e-05
0,0,2.3496601e-05
0,0,1.4597615e-05
0,0,1.5314068e-05
0,0,2.1952714e-05
0,0,0.0005449498
0,0,1.6183338e-05
0,0,1.1808111e-05
0,0,2.0123418e-05
0,0,1.2501959e-05
1,0,0.4892555
0,0,1.2153508e-05
0,0,1.5314068e-05
0,0,1.2501959e-05
0,0,1.2501959e-05
0,0,1.1808111e-05
0,0,1.2153508e-05
0,0,1.3638445e-05
0,0,0.00021479515
0,0,1.2501959e-05
0,0,1.6689846e-05
0,0,2.0648356e-05
0,0,1.2501959e-05
0,0,2.8594464e-05
0,0,1.2501959e-05
0,0,1.4597615e-05
0,0,2.4092338e-05
0,0,1.2501959e-05
0,0,1.2501959e-05
0,0,1.3787462e-05
0,0,1.2501959e-05
0,0,1.2501959e-05
0,0,1.3787462e-05
0,0,1.2843376e-05
0,0,4.284636e-05
0,0,2.1266442e-05
0,0,3.5005356e-05
0,0,1.2501959e-05
0,0,1.2153508e-05
0,0,1.4597615e-05
0,0,1.2828087e-05
0,0,1.2153508e-05
0,0,1.3787462e-05
0,0,1.2501959e-05
0,0,1.2153508e-05
0,0,2.7867518e-05
0,0,1.2501959e-05
0,0,4.284636e-05
0,0,1.2501959e-05
0,0,1.2501959e-05
0,0,1.2153508e-05
0,0,1.4597615e-05
0,0,1.2501959e-05
0,0,0.028022025
0,0,1.2501959e-05
0,0,2.3496601e-05
0,0,1.2501959e-05
0,0,1.1521518e-05
0,0,1.2501959e-05
0,0,2.3496601e-05
0,0,1.2501959e-05
0,0,1.2501959e-05
0,0,1.5314068e-05
0,0,2.0123418e-05
0,0,1.1808111e-05
0,0,1.4597615e-05
0,0,2.7867518e-05
0,0,1.6689846e-05
0,0,1.5675461e-05
0,0,8.091283e-05
0,0,1.1808111e-05
0,0,1.5314068e-05
0,0,2.7867518e-05
0,0,2.0123418e-05
0,0,1.2501959e-05
0,0,2.2699656e-05
0,0,5.820611e-05
0,0,1.2501959e-05
0,0,1.2501959e-05
0,0,1.2501959e-05
0,0,1.2843376e-05
0,0,1.2501959e-05
0,0,1.2116139e-05
0,0,1.3787462e-05
0,0,1.4102497e-05
0,0,1.3638445e-05
0,0,2.8130793e-05
0,0,1.2501959e-05
0,0,1.5314068e-05
0,0,2.0123418e-05
0,0,0.00027375534
0,0,2.94504e-05
0,0,1.2501959e-05
0,0,1.2116139e-05
0,0,2.2824863e-05
0,0,2.0123418e-05
0,0,9.177414e-05
0,0,1.3787462e-05
0,0,1.2501959e-05
0,0,2.7867518e-05
0,0,1.6183338e-05
0,0,1.2828087e-05
0,0,1.2501959e-05
0,0,1.2501959e-05
0,0,1.2501959e-05
0,0,1.4102497e-05
0,0,2.1266442e-05
0,0,2.0648356e-05
0,0,1.2175514e-05
0,0,2.7867518e-05
0,0,2.3496601e-05
0,0,1.2153508e-05
0,0,2.7867518e-05
0,0,1.2153508e-05
0,0,1.2501959e-05
0,0,1.2501959e-05
0,0,1.2828087e-05
0,0,2.8896113e-05
0,0,0.00010715647
0,0,1.2501959e-05
0,0,2.2824863e-05
0,0,1.2501959e-05
0,0,2.1952714e-05
0,0,1.4102497e-05
0,0,1.2501959e-05
0,0,3.1464922e-05
0,0,1.5763579e-05
0,0,1.5314068e-05
0,0,1.2843376e-05
0,0,1.2501959e-05
0,0,0.0026572759
0,0,1.4597615e-05
0,0,1.2501959e-05
0,0,1.4597615e-05
0,0,2.7867518e-05
0,0,3.5005356e-05
0,0,8.302339e-05
0,0,1.2501959e-05
0,0,2.8130793e-05
0,0,1.2153508e-05
0,0,1.3787462e-05
0,0,1.2153508e-05
0,0,5.6344586e-05
0,0,2.8130793e-05
0,0,1.2843376e-05
0,0,1.4597615e-05
0,0,1.6689846e-05
0,0,1.2828087e-05
0,0,1.2501959e-05
0,0,2.0123418e-05
0,0,1.2501959e-05
0,0,2.7867518e-05
0,0,1.2501959e-05
0,0,1.1808111e-05
0,0,1.5314068e-05
0,0,4.357339e-05
0,0,0.07590254
0,0,1.5675461e-05
0,0,1.2501959e-05
0,0,1.2153508e-05
0,0,1.2501959e-05
0,0,2.7867518e-05
0,0,0.0035281295
0,0,1.2501959e-05
0,0,1.4597615e-05
0,0,1.4597615e-05
0,0,1.2501959e-05
0,0,2.3496601e-05
0,0,2.9979992e-05
0,0,1.2501959e-05
0,0,1.5314068e-05
0,0,2.3496601e-05
0,0,1.2501959e-05
0,0,1.2501959e-05
0,0,1.5314068e-05
0,0,1.4576901e-05
0,0,1.3638445e-05
0,0,1.6689846e-05
0,0,1.2153508e-05
0,0,1.5675461e-05
0,0,3.1720407e-05
0,0,1.1808111e-05
0,0,2.0123418e-05
0,0,1.795218e-05
0,0,2.0123418e-05
0,0,0.00270449
0,0,1.1808111e-05
0,0,1.6955855e-05
0,0,0.00010232756
0,0,1.1808111e-05
0,0,1.2501959e-05
0,0,1.8463217e-05
0,0,1.1808111e-05
0,0,2.0123418e-05
0,0,1.6955855e-05
0,0,1.2116139e-05
0,0,1.2501959e-05
0,0,1.1808111e-05
0,0,1.5314068e-05
0,0,1.6689846e-05
0,0,2.4092338e-05
0,0,2.6864262e-05
0,0,2.0648356e-05
0,0,1.1808111e-05
0,0,1.4597615e-05
0,0,1.3787462e-05
0,0,1.2843376e-05
0,0,0.011482456
0,0,2.0123418e-05
0,0,1.2501959e-05
0,0,1.2501959e-05
0,0,1.2843376e-05
0,0,2.3496601e-05
0,0,2.0123418e-05
0,0,1.2501959e-05
0,0,1.2501959e-05
0,0,1.2501959e-05
0,0,1.3787462e-05
0,0,1.1808111e-05
0,0,1.2501959e-05
0,0,1.1808111e-05
0,0,1.4597615e-05
0,0,2.3496601e-05
0,0,1.1808111e-05
0,0,2.0123418e-05
0,0,1.2153508e-05
0,0,2.0648356e-05
0,0,2.8594464e-05
0,0,1.2501959e-05
0,0,1.2828087e-05
0,0,2.7867518e-05
0,0,2.0123418e-05
0,0,1.3212084e-05
0,0,1.2501959e-05
0,0,1.2501959e-05
0,0,3.5005356e-05
0,0,2.0123418e-05
0,0,1.2501959e-05
0,0,1.2501959e-05
0,0,1.1808111e-05
0,0,3.2538763e-05
0,0,1.3212084e-05
0,0,3.2538763e-05
0,0,2.7867518e-05
0,0,1.6689846e-05
0,0,6.0276736e-05
0,0,1.1808111e-05
0,0,1.795218e-05
0,0,1.2501959e-05
0,0,8.7638364e-05
0,0,1.5763579e-05
0,0,1.1808111e-05
0,0,2.0123418e-05
0,0,1.1521518e-05
0,0,2.7867518e-05
0,0,1.2501959e-05
0,0,1.2501959e-05
0,0,2.7867518e-05
0,0,1.5314068e-05
0,0,2.0123418e-05
0,0,1.3212084e-05
0,0,7.0847185e-05
0,0,2.3496601e-05
0,0,1.3787462e-05
0,0,1.2843376e-05
0,0,1.1808111e-05
0,0,2.0123418e-05
0,0,2.7867518e-05
0,0,1.2501959e-05
0,0,1.2153508e-05
0,0,1.2501959e-05
0,0,1.2501959e-05
0,0,2.8896113e-05
0,0,1.3212084e-05
0,0,1.2501959e-05
0,0,0.00011577209
0,0,1.4597615e-05
0,0,1.4597615e-05
0,0,1.2501959e-05
0,0,1.1808111e-05
0,0,2.3496601e-05
0,0,1.2501959e-05
0,0,0.001002842
0,0,1.4597615e-05
0,0,1.4597615e-05
0,0,5.3685264e-05
0,0,1.6955855e-05
0,0,1.1808111e-05
0,0,1.6689846e-05
0,0,1.2153508e-05
0,0,1.2501959e-05
0,0,1.1808111e-05
0,0,1.2501959e-05
0,0,1.2501959e-05
0,0,1.5314068e-05
0,0,0.017314328
0,0,1.3638445e-05
0,0,1.1808111e-05
0,0,1.3787462e-05
0,0,1.4597615e-05
0,0,1.5314068e-05
0,0,1.2828087e-05
0,0,2.0123418e-05
0,0,1.4597615e-05
0,0,1.2501959e-05
0,0,1.2153508e-05
0,0,1.4597615e-05
0,0,2.0123418e-05
0,0,1.2501959e-05
0,0,1.2501959e-05
0,0,2.7867518e-05
0,0,2.0123418e-05
0,0,1.1808111e-05
0,0,1.2153508e-05
0,0,1.2501959e-05
0,0,1.2501959e-05
0,0,1.1808111e-05
0,0,1.2828087e-05
0,0,1.3787462e-05
0,0,1.3787462e-05
0,0,2.6864262e-05
0,0,1.5675461e-05
0,0,1.6689846e-05
0,0,2.1952714e-05
0,0,2.0123418e-05
0,0,1.2501959e-05
0,0,1.1808111e-05
0,0,1.2501959e-05
0,0,1.795218e-05
0,0,2.8594464e-05
0,0,1.2153508e-05
0,0,1.4597615e-05
0,0,1.2116139e-05
0,0,1.2501959e-05
0,0,1.2501959e-05
0,0,1.6689846e-05
0,0,1.3212084e-05
0,0,1.795218e-05
0,0,1.6689846e-05
0,0,1.2501959e-05
0,0,1.795218e-05
0,0,1.379392e-05
0,0,1.2501959e-05
0,0,2.0123418e-05
0,0,1.6689846e-05
0,0,1.3787462e-05
0,0,3.168289e-05
0,0,1.4597615e-05
0,0,1.2501959e-05
0,0,1.2501959e-05
0,0,0.0026572759
0,0,1.2501959e-05
0,0,1.5314068e-05
0,0,0.002755035
0,0,1.3212084e-05
0,0,1.2153508e-05
0,0,1.2501959e-05
0,0,1.2501959e-05
0,0,1.2501959e-05
0,0,3.143514e-05
0,0,1.1521518e-05
0,0,1.5675461e-05
0,0,2.8130793e-05
0,0,1.2153508e-05
0,0,1.2501959e-05
0,0,1.2501959e-05
0,0,1.5314068e-05
0,0,1.2501959e-05
0,0,2.0123418e-05
0,0,1.1521518e-05
0,0,1.2501959e-05
0,0,7.0847185e-05
0,0,7.0847185e-05
0,0,1.2501959e-05
0,0,1.2175514e-05
0,0,1.1808111e-05
0,0,1.2501959e-05
0,0,2.3496601e-05
0,0,1.1808111e-05
0,0,0.0063587963
0,0,1.2501959e-05
0,0,0.00017972288
0,0,1.2501959e-05
0,0,1.5675461e-05
0,0,1.28815245e-05
0,0,1.2501959e-05
0,0,1.2501959e-05
0,0,1.3787462e-05
0,0,1.28815245e-05
0,0,2.0123418e-05
0,0,1.5314068e-05
0,0,1.2501959e-05
0,0,1.2501959e-05
0,0,1.2843376e-05
0,0,6.0276736e-05
0,0,0.0008768802
0,0,1.5314068e-05
0,0,1.2501959e-05
0,0,1.3638445e-05
0,0,1.2501959e-05
0,0,0.0034560566
0,0,7.6795186e-05
0,0,1.2501959e-05
0,0,2.2699656e-05
0,0,1.2501959e-05
0,0,1.2501959e-05
0,0,1.2501959e-05
0,0,2.7867518e-05
0,0,1.4597615e-05
0,0,1.2501959e-05
0,0,1.2153508e-05
0,0,0.00017972288
0,0,1.4597615e-05
0,0,0.0010679247
0,0,1.5763579e-05
0,0,1.4597615e-05
0,0,1.4597615e-05
0,0,1.2501959e-05
0,0,6.0276736e-05
0,0,5.3685264e-05
0,0,1.4597615e-05
0,0,3.2538763e-05
0,0,1.2153508e-05
0,0,2.7867518e-05
0,0,1.2501959e-05
0,0,2.7867518e-05
0,0,2.3496601e-05
0,0,1.4597615e-05
0,0,1.2501959e-05
0,0,1.2501959e-05
0,0,1.1521518e-05
0,0,1.6689846e-05
0,0,1.2501959e-05
0,0,0.0041742977
0,0,1.2501959e-05
0,0,1.2501959e-05
0,0,1.2501959e-05
0,0,1.2116139e-05
0,0,2.0123418e-05
0,0,2.0123418e-05
0,0,1.4550554e-05
0,0,1.795218e-05
0,0,3.5005356e-05
0,0,2.0123418e-05
0,0,1.1808111e-05
0,0,1.2501959e-05
0,0,2.0123418e-05
0,0,1.2501959e-05
0,0,1.3787462e-05
0,0,1.2828087e-05
0,0,2.2699656e-05
0,0,1.4597615e-05
0,0,1.2478827e-05
0,0,1.1808111e-05
0,0,1.2501959e-05
0,0,1.2153508e-05
0,0,1.2153508e-05
0,0,1.5763579e-05
0,0,1.1808111e-05
0,0,1.2501959e-05
0,0,1.2501959e-05
0,0,1.1808111e-05
0,0,1.2501959e-05
0,0,2.8896113e-05
0,0,1.1808111e-05
0,0,1.2501959e-05
0,0,4.284636e-05
0,0,1.2501959e-05
0,0,1.2501959e-05
0,0,1.1808111e-05
0,0,1.2501959e-05
0,0,1.1808111e-05
0,0,1.5763579e-05
0,0,0.0006396006
0,0,1.2153508e-05
0,0,1.5675461e-05
0,0,0.00013831645
0,0,7.6795186e-05
0,0,1.5675461e-05
0,0,1.1521518e-05
0,0,1.2501959e-05
0,0,2.6864262e-05
0,0,0.00019212379
0,0,1.2501959e-05
0,0,1.1808111e-05
0,0,1.3212084e-05
0,0,2.0123418e-05
0,0,1.2501959e-05
0,0,1.2501959e-05
0,0,1.2501959e-05
0,0,1.2153508e-05
0,0,2.0123418e-05
0,0,1.6689846e-05
0,0,0.0049251504
0,0,1.2501959e-05
0,0,1.2501959e-05
0,0,1.2153508e-05
0,0,1.2828087e-05
0,0,1.28815245e-05
0,0,1.2153508e-05
0,0,1.2175514e-05
0,0,1.2501959e-05
0,0,2.6864262e-05
0,0,3.720235e-05
0,0,1.1808111e-05
0,0,1.2153508e-05
0,0,1.2501959e-05
0,0,1.3787462e-05
0,0,1.1521518e-05
0,0,2.0123418e-05
0,0,1.4597615e-05
0,0,1.2501959e-05
0,0,1.2843376e-05
0,0,1.2501959e-05
0,0,1.2501959e-05
0,0,1.2501959e-05
0,0,1.5314068e-05
0,0,1.2501959e-05
0,0,2.3496601e-05
0,0,2.1266442e-05
0,0,3.673915e-05
0,0,1.1808111e-05
0,0,1.6689846e-05
0,0,1.2501959e-05
0,0,1.2501959e-05
0,0,2.7867518e-05
0,0,1.2501959e-05
0,0,1.2501959e-05
0,0,0.0021703101
0,0,1.2501959e-05
0,0,1.2501959e-05
0,0,1.2501959e-05
0,0,1.2501959e-05
0,0,2.0123418e-05
0,0,1.2501959e-05
0,0,1.2153508e-05
0,0,1.2501959e-05
0,0,1.2501959e-05
0,0,1.2828087e-05
0,0,3.8165366e-05
0,0,1.2501959e-05
0,0,1.2501959e-05
0,0,1.3212084e-05
0,0,1.1521518e-05
0,0,1.2153508e-05
0,0,1.2501959e-05
0,0,1.2828087e-05
0,0,1.2828087e-05
0,0,1.2501959e-05
0,0,1.2843376e-05
0,0,3.0400764e-05
0,0,2.7867518e-05
0,0,2.6864262e-05
0,0,8.2722225e-05
0,0,1.9548113e-05
0,0,1.6183338e-05
0,0,1.1808111e-05
0,0,1.2501959e-05
0,0,2.0123418e-05
0,0,0.00029441714
0,0,1.5314068e-05
0,0,1.6689846e-05
0,0,1.2501959e-05
0,0,2.0123418e-05
0,0,1.4597615e-05
0,0,1.2501959e-05
0,0,1.5314068e-05
0,0,2.0123418e-05
0,0,1.2501959e-05
0,0,1.3787462e-05
0,0,1.1808111e-05
0,0,1.2501959e-05
0,0,2.7867518e-05
0,0,1.2501959e-05
0,0,1.4597615e-05
0,0,0.00010078326
0,0,2.0123418e-05
0,0,1.2501959e-05
0,0,2.3496601e-05
0,0,2.1952714e-05
0,0,1.1808111e-05
0,0,1.1808111e-05
0,0,1.1808111e-05
0,0,1.1521518e-05
0,0,1.4597615e-05
0,0,1.5314068e-05
0,0,3.5005356e-05
0,0,1.2501959e-05
0,0,2.0123418e-05
0,0,1.2501959e-05
0,0,1.6689846e-05
0,0,1.2501959e-05
0,0,1.3638445e-05
0,0,2.94504e-05
0,0,2.0123418e-05
0,0,1.4597615e-05
0,0,1.2828087e-05
0,0,1.2828087e-05
0,0,1.4597615e-05
0,0,1.6183338e-05
0,0,1.2501959e-05
0,0,1.5314068e-05
0,0,1.2501959e-05
0,0,1.2501959e-05
0,0,1.2501959e-05
0,0,3.5005356e-05
0,0,0.0003250368
0,0,1.3787462e-05
0,0,1.2501959e-05
0,0,1.5675461e-05
0,0,1.2501959e-05
0,0,2.3496601e-05
0,0,1.2153508e-05
0,0,2.0123418e-05
0,0,5.508565e-05
0,0,2.0123418e-05
0,0,0.0021703101
0,0,1.4597615e-05
0,0,2.0123418e-05
0,0,1.6689846e-05
0,0,1.2478827e-05
0,0,1.2501959e-05
0,0,2.0123418e-05
1,1,0.9023129
0,0,1.1808111e-05
0,0,1.2501959e-05
0,0,2.0123418e-05
0,0,1.2501959e-05
0,0,2.7867518e-05
0,0,1.2501959e-05
0,0,1.1808111e-05
0,0,1.2501959e-05
0,0,1.2501959e-05
0,0,1.1808111e-05
0,0,0.000565249
0,0,1.2501959e-05
0,0,1.2501959e-05
0,0,1.4102497e-05
0,0,1.1808111e-05
0,0,1.4102497e-05
0,0,1.2501959e-05
0,0,2.0123418e-05
0,0,1.2828087e-05
0,0,2.2699656e-05
0,0,2.0123418e-05
0,0,1.2501959e-05
0,0,5.6344586e-05
0,0,0.00018565806
0,0,3.306263e-05
0,0,1.1808111e-05
0,0,1.2501959e-05
0,0,0.000104334635
0,0,1.5675461e-05
0,0,1.2501959e-05
0,0,1.5314068e-05
0,0,2.0123418e-05
0,0,1.2501959e-05
0,0,1.2153508e-05
0,0,1.2501959e-05
0,0,1.2501959e-05
0,0,1.3787462e-05
0,0,1.4597615e-05
0,0,1.2501959e-05
0,0,1.5314068e-05
0,0,2.0648356e-05
0,0,2.1266442e-05
0,0,1.2501959e-05
0,0,1.4550554e-05
0,0,1.2175514e-05
0,0,1.1808111e-05
0,0,1.2501959e-05
0,0,1.2501959e-05
0,0,2.7867518e-05
0,0,1.2501959e-05
0,0,1.1808111e-05
0,0,2.0123418e-05
0,0,1.2501959e-05
0,0,1.1808111e-05
0,0,1.2501959e-05
0,0,0.004953278
0,0,1.2828087e-05
0,0,1.2828087e-05
0,0,1.2153508e-05
0,0,1.2501959e-05
0,0,1.6689846e-05
0,0,1.2153508e-05
0,0,1.2501959e-05
0,0,2.0648356e-05
0,0,1.3787462e-05
0,0,1.2843376e-05
0,0,1.3638445e-05
0,0,1.2501959e-05
0,0,1.1808111e-05
0,0,1.2501959e-05
0,0,1.2501959e-05
0,0,1.2153508e-05
0,0,7.0847185e-05
0,0,1.1808111e-05
0,0,2.1558117e-05
0,0,1.3638445e-05
0,0,2.0123418e-05
0,0,1.2501959e-05
0,0,1.4597615e-05
0,0,1.1808111e-05
0,0,2.1266442e-05
0,0,1.2501959e-05
0,0,1.2501959e-05
0,0,1.2501959e-05
0,0,1.2153508e-05
0,0,0.0021703101
0,0,1.6955855e-05
0,0,1.4597615e-05
0,0,2.0123418e-05
0,0,2.0123418e-05
0,0,1.4597615e-05
0,0,1.1808111e-05
0,0,1.4597615e-05
0,0,1.2501959e-05
0,0,0.0035281295
0,0,1.2501959e-05
0,0,1.2501959e-05
0,0,2.0123418e-05
0,0,1.2501959e-05
0,0,1.4597615e-05
0,0,1.2501959e-05
0,0,1.4597615e-05
0,0,1.1808111e-05
0,0,1.4597615e-05
0,0,1.2501959e-05
0,0,1.4597615e-05
0,0,2.0123418e-05
0,0,1.3787462e-05
0,0,1.2501959e-05
0,0,2.7867518e-05
0,0,2.7867518e-05
0,0,1.1521518e-05
0,0,1.1808111e-05
0,0,2.7867518e-05
0,0,1.2501959e-05
0,0,1.4597615e-05
0,0,3.720235e-05
0,0,0.00013208366
0,0,2.3496601e-05
0,0,1.2153508e-05
0,0,2.3496601e-05
0,0,2.7867518e-05
0,0,1.1808111e-05
0,0,1.2501959e-05
0,0,1.2828087e-05
0,0,2.0123418e-05
0,0,1.2153508e-05
0,0,1.2501959e-05
0,0,3.5005356e-05
0,0,1.1808111e-05
0,0,1.2501959e-05
0,0,2.0123418e-05
0,0,1.2501959e-05
0,0,1.2501959e-05
0,0,1.2501959e-05
0,0,1.3787462e-05
0,0,9.0765345e-05
0,0,1.1808111e-05
0,0,3.4234065e-05
0,0,0.00072044105
0,0,1.1808111e-05
0,0,1.1808111e-05
0,0,1.2153508e-05
0,0,1.2828087e-05
0,0,1.5314068e-05
0,0,1.2501959e-05
0,0,1.5314068e-05
0,0,1.2828087e-05
0,0,1.2153508e-05
0,0,1.6689846e-05
0,0,1.2501959e-05
0,0,1.4597615e-05
0,0,2.0123418e-05
0,0,1.2501959e-05
0,0,1.2175514e-05
0,0,1.5675461e-05
0,0,1.1808111e-05
0,0,2.7867518e-05
0,0,3.720235e-05
0,0,1.1521518e-05
0,0,0.00012495338
0,0,1.4597615e-05
0,0,1.2843376e-05
0,0,0.0005642726
0,0,2.2824863e-05
0,0,1.2501959e-05
0,0,1.2501959e-05
0,0,7.0847185e-05
0,0,1.2828087e-05
0,0,1.2501959e-05
0,0,1.2501959e-05
0,0,1.2153508e-05
0,0,2.0648356e-05
0,0,1.5314068e-05
0,0,0.00014440712
0,0,8.613008e-05
0,0,1.2501959e-05
0,0,1.2501959e-05
0,0,1.2501959e-05
0,0,1.1521518e-05
0,0,2.8896113e-05
0,0,1.2501959e-05
0,0,1.2153508e-05
0,0,1.6689846e-05
0,0,1.2828087e-05
0,0,1.3212084e-05
0,0,1.2501959e-05
0,0,1.3212084e-05
0,0,1.5314068e-05
0,0,1.2501959e-05
0,0,1.2501959e-05
0,0,1.4597615e-05
0,0,1.1808111e-05
0,0,1.5675461e-05
0,0,1.4597615e-05
0,0,2.8594464e-05
0,0,1.5675461e-05
0,0,1.2501959e-05
0,0,1.3787462e-05
0,0,2.7867518e-05
0,0,3.336375e-05
0,0,1.2828087e-05
0,0,1.2501959e-05
0,0,1.2501959e-05
0,0,1.2153508e-05
0,0,1.6213924e-05
0,0,1.795218e-05
0,0,1.6689846e-05
0,0,3.7890768e-05
0,0,1.6689846e-05
0,0,1.2828087e-05
0,0,0.01955035
0,0,1.6183338e-05
0,0,1.2501959e-05
0,0,1.2501959e-05
0,0,1.5314068e-05
0,0,1.2501959e-05
0,0,1.1808111e-05
0,0,1.6183338e-05
0,0,2.3496601e-05
0,0,1.4576901e-05
0,0,1.6689846e-05
0,0,2.7867518e-05
0,0,1.2501959e-05
0,0,1.2478827e-05
0,0,1.6689846e-05
0,0,1.2843376e-05
0,0,2.0123418e-05
0,0,1.2153508e-05
0,0,1.2501959e-05
0,0,1.1808111e-05
0,0,1.4597615e-05
0,0,1.2501959e-05
0,0,1.2175514e-05
0,0,1.2501959e-05
0,0,2.0123418e-05
0,0,2.0648356e-05
0,0,1.5314068e-05
0,0,1.2501959e-05
0,0,1.2501959e-05
0,0,2.7867518e-05
0,0,1.1808111e-05
0,0,1.2501959e-05
0,0,1.2501959e-05
0,0,1.2501959e-05
0,0,1.4597615e-05
0,0,6.0276736e-05
0,0,1.2501959e-05
0,0,1.2501959e-05
0,0,1.2501959e-05
0,0,1.2501959e-05
0,0,1.8463217e-05
0,0,1.2501959e-05
0,0,1.2501959e-05
0,0,2.3496601e-05
0,0,1.4967728e-05
0,0,1.2501959e-05
0,0,1.1808111e-05
0,0,1.2501959e-05
0,0,1.2843376e-05
0,0,2.7867518e-05
0,0,1.2501959e-05
0,0,2.7867518e-05
0,0,1.2501959e-05
0,0,1.2501959e-05
0,0,2.2824863e-05
0,0,1.2501959e-05
0,0,1.2478827e-05
0,0,1.2501959e-05
0,0,1.2501959e-05
0,0,1.4597615e-05
0,0,1.5314068e-05
0,0,1.5675461e-05
0,0,1.2175514e-05
0,0,2.3496601e-05
0,0,2.0123418e-05
0,0,1.1808111e-05
0,0,1.2828087e-05
0,0,1.3638445e-05
0,0,1.4597615e-05
0,0,1.2501959e-05
0,0,1.1521518e-05
0,0,1.6955855e-05
0,0,1.2116139e-05
0,0,2.7867518e-05
0,0,1.1521518e-05
0,0,1.2501959e-05
0,0,2.0123418e-05
0,0,1.2153508e-05
0,0,1.2828087e-05
0,0,1.2501959e-05
0,0,2.0648356e-05
0,0,1.4597615e-05
0,0,1.2501959e-05
0,0,1.2501959e-05
0,0,1.2501959e-05
0,0,2.0123418e-05
0,0,1.1521518e-05
0,0,1.5675461e-05
0,0,1.4597615e-05
0,0,2.0123418e-05
0,0,1.3787462e-05
0,0,1.1808111e-05
0,0,1.2501959e-05
0,0,2.0123418e-05
0,0,1.2501959e-05
0,0,1.2501959e-05
0,0,1.2501959e-05
0,0,5.6344586e-05
0,0,1.2501959e-05
0,0,2.0123418e-05
0,0,1.4597615e-05
0,0,1.6689846e-05
0,0,2.7867518e-05
0,0,1.2501959e-05
0,0,3.5005356e-05
0,0,1.2843376e-05
0,0,1.2153508e-05
0,0,2.8316157e-05
0,0,0.0027773727
0,0,1.2116139e-05
0,0,1.2501959e-05
0,0,1.6689846e-05
0,0,1.1808111e-05
0,0,2.7867518e-05
0,0,5.3685264e-05
0,0,1.2501959e-05
0,0,3.5005356e-05
0,0,0.00366581
0,0,1.2501959e-05
0,0,1.2153508e-05
0,0,1.2501959e-05
0,0,1.5675461e-05
0,0,1.3787462e-05
0,0,1.2501959e-05
0,0,1.5314068e-05
0,0,2.9979992e-05
0,0,1.2501959e-05
0,0,1.4102497e-05
0,0,0.000110082954
0,0,1.2501959e-05
0,0,1.2501959e-05
0,0,1.2501959e-05
0,0,1.1808111e-05
0,0,2.0123418e-05
0,0,1.2828087e-05
0,0,1.2843376e-05
0,0,4.68846e-05
0,0,1.2828087e-05
0,0,1.795218e-05
0,0,1.1808111e-05
0,0,2.3496601e-05
0,0,1.2501959e-05
0,0,1.1521518e-05
0,0,1.2501959e-05
0,0,2.8594464e-05
0,0,1.2501959e-05
0,0,1.4597615e-05
0,0,1.3787462e-05
0,0,1.4597615e-05
0,0,1.3787462e-05
0,0,2.0123418e-05
0,0,1.1808111e-05
0,0,1.1808111e-05
0,0,1.2153508e-05
0,0,1.2501959e-05
0,0,1.2501959e-05
0,0,1.2501959e-05
0,0,1.2501959e-05
0,0,1.2153508e-05
0,0,1.2501959e-05
0,0,1.4597615e-05
0,0,1.2501959e-05
0,0,3.5005356e-05
0,0,1.6689846e-05
0,0,5.3685264e-05
0,0,1.2501959e-05
0,0,2.0123418e-05
0,0,1.1808111e-05
0,0,1.3212084e-05
0,0,2.0648356e-05
0,0,1.5314068e-05
0,0,1.2501959e-05
0,0,2.0648356e-05
0,0,1.4597615e-05
0,0,1.3787462e-05
0,0,1.5314068e-05
0,0,2.7867518e-05
0,0,0.00045978974
0,0,1.3787462e-05
0,0,1.2501959e-05
0,0,1.4597615e-05
0,0,1.2501959e-05
0,0,1.1808111e-05
0,0,1.2153508e-05
0,0,1.6689846e-05
0,0,1.2501959e-05
0,0,2.0123418e-05
0,0,6.1849045e-05
0,0,1.2501959e-05
0,0,1.2501959e-05
0,0,1.4576901e-05
0,0,1.1808111e-05
0,0,1.6689846e-05
0,0,1.2501959e-05
0,0,2.3496601e-05
0,0,1.2501959e-05
0,0,1.2501959e-05
0,0,1.1521518e-05
0,0,1.2501959e-05
0,0,1.4102497e-05
0,0,1.2501959e-05
0,0,6.1849045e-05
0,0,1.2828087e-05
0,0,1.4597615e-05
0,0,1.2153508e-05
0,0,1.2501959e-05
0,0,1.1808111e-05
0,0,1.2501959e-05
0,0,1.2153508e-05
0,0,1.2153508e-05
0,0,2.0123418e-05
0,0,0.00037705302
0,0,1.3638445e-05
0,0,1.4597615e-05
0,0,1.4597615e-05
0,0,1.1521518e-05
0,0,0.0021703101
0,0,2.7867518e-05
0,0,1.1521518e-05
0,0,2.1952714e-05
0,0,1.2501959e-05
0,0,2.3496601e-05
0,0,2.0123418e-05
0,0,1.2501959e-05
0,0,1.6689846e-05
0,0,2.3496601e-05
0,0,2.3496601e-05
0,0,1.1808111e-05
0,0,1.1808111e-05
0,0,1.2501959e-05
0,0,1.2501959e-05
0,0,1.1808111e-05
0,0,1.2501959e-05
0,0,3.306263e-05
0,0,1.1808111e-05
0,0,1.2501959e-05
0,0,1.2501959e-05
0,0,1.2501959e-05
0,0,1.2843376e-05
0,0,1.2501959e-05
0,0,1.1808111e-05
0,0,1.6183338e-05
0,0,1.2828087e-05
0,0,2.7867518e-05
0,0,1.4597615e-05
0,0,2.7867518e-05
0,0,2.0123418e-05
0,0,2.6864262e-05
0,0,9.177414e-05
0,0,1.2501959e-05
0,0,1.1808111e-05
0,0,1.2501959e-05
0,0,2.0123418e-05
0,0,1.1521518e-05
0,0,3.5005356e-05
0,0,2.0648356e-05
0,0,1.2501959e-05
0,0,2.7867518e-05
0,0,1.2843376e-05
0,0,1.6689846e-05
0,0,1.2501959e-05
0,0,1.1521518e-05
0,0,1.4597615e-05
0,0,1.1521518e-05
0,0,1.5675461e-05
0,0,1.2501959e-05
0,0,1.1808111e-05
0,0,2.0123418e-05
0,0,1.3787462e-05
0,0,1.5675461e-05
0,0,2.4092338e-05
0,0,1.795218e-05
0,0,1.2153508e-05
0,0,1.2153508e-05
0,0,2.0123418e-05
0,0,1.2501959e-05
0,0,1.2501959e-05
0,0,1.2501959e-05
0,0,1.2501959e-05
0,0,1.1808111e-05
0,0,1.3212084e-05
0,0,1.1808111e-05
0,0,1.2501959e-05
0,0,2.7867518e-05
0,0,1.2501959e-05
0,0,1.2501959e-05
0,0,1.5675461e-05
0,0,1.2501959e-05
0,0,2.94504e-05
0,0,1.28815245e-05
0,0,1.2501959e-05
0,0,2.0123418e-05
0,0,1.2501959e-05
0,0,1.2501959e-05
0,0,2.3496601e-05
0,0,4.284636e-05
0,0,1.2478827e-05
0,0,1.2501959e-05
0,0,1.1521518e-05
0,0,1.2501959e-05
0,0,1.2501959e-05
0,0,1.4597615e-05
0,0,2.7867518e-05
0,0,0.0003561847
0,0,0.0001933241
0,0,0.0021703101
0,0,1.1521518e-05
0,0,2.1952714e-05
0,0,1.2501959e-05
0,0,1.2501959e-05
0,0,1.2153508e-05
0,0,1.795218e-05
0,0,1.2501959e-05
0,0,2.0123418e-05
0,0,1.1808111e-05
0,0,1.2501959e-05
0,0,1.2501959e-05
0,0,2.0123418e-05
0,0,9.0289686e-05
0,0,1.1521518e-05
0,0,7.0847185e-05
0,0,2.0648356e-05
0,0,1.2501959e-05
0,0,1.2501959e-05
0,0,1.3787462e-05
0,0,2.7867518e-05
0,0,1.4597615e-05
0,0,1.2501959e-05
0,0,2.0123418e-05
0,0,1.5314068e-05
0,0,1.2501959e-05
0,0,1.4597615e-05
0,0,2.8316157e-05
0,0,2.7867518e-05
0,0,2.0123418e-05
0,0,2.0123418e-05
0,0,1.2116139e-05
0,0,1.4597615e-05
0,0,1.2153508e-05
0,0,1.2501959e-05
0,0,1.2153508e-05
0,0,1.1808111e-05
0,0,1.2501959e-05
0,0,1.2501959e-05
0,0,1.4597615e-05
0,0,1.2501959e-05
0,0,2.0123418e-05
0,0,2.7867518e-05
0,0,2.0123418e-05
0,0,1.2501959e-05
0,0,2.0123418e-05
0,0,2.0123418e-05
0,0,2.1266442e-05
0,0,1.1808111e-05
0,0,1.2501959e-05
0,0,1.2501959e-05
0,0,1.2501959e-05
0,0,1.2501959e-05
0,0,1.5763579e-05
0,0,1.3638445e-05
0,0,1.1521518e-05
0,0,1.6689846e-05
0,0,1.2153508e-05
0,0,2.0123418e-05
0,0,2.2824863e-05
0,0,1.2501959e-05
0,0,7.144592e-05
0,0,1.1808111e-05
0,0,2.8896113e-05
0,0,2.3496601e-05
0,0,1.2501959e-05
0,0,1.1808111e-05
0,0,1.28815245e-05
0,0,3.2538763e-05
0,0,0.00010367868
0,0,1.2501959e-05
0,0,1.4597615e-05
0,0,1.2501959e-05
0,0,1.1808111e-05
0,0,1.3787462e-05
0,0,2.7867518e-05
0,0,1.2501959e-05
0,0,6.0276736e-05
0,0,2.4092338e-05
0,0,1.2501959e-05
0,0,2.0123418e-05
0,0,2.6864262e-05
0,0,1.2501959e-05
0,0,1.2501959e-05
0,0,1.2501959e-05
0,0,1.2501959e-05
0,0,2.7867518e-05
0,0,1.1808111e-05
0,0,2.7867518e-05
0,0,1.1808111e-05
0,0,9.177414e-05
0,0,1.2501959e-05
0,0,2.7867518e-05
0,0,1.2501959e-05
0,0,1.2501959e-05
0,0,1.2828087e-05
0,1,0.6215847
0,0,1.5675461e-05
0,0,2.0123418e-05
0,0,1.4597615e-05
0,0,2.0123418e-05
0,0,1.4597615e-05
0,0,1.1521518e-05
0,0,1.2501959e-05
0,0,2.7867518e-05
0,0,1.2501959e-05
0,0,1.6183338e-05
0,0,1.2501959e-05
0,0,1.2501959e-05
0,0,0.00270449
0,0,1.2501959e-05
0,0,1.2153508e-05
0,0,2.7867518e-05
0,0,2.7867518e-05
0,0,1.2501959e-05
0,0,1.5763579e-05
0,0,1.1521518e-05
0,0,1.2501959e-05
0,0,1.2501959e-05
0,0,1.1521518e-05
0,0,1.1808111e-05
0,0,1.2501959e-05
0,0,1.2501959e-05
0,0,0.0016182971
0,0,1.2501959e-05
0,0,2.1266442e-05
0,0,1.3212084e-05
0,0,2.1558117e-05
0,0,1.2501959e-05
0,0,1.4597615e-05
0,0,2.0123418e-05
0,0,1.2501959e-05
0,0,2.0123418e-05
0,0,2.0123418e-05
0,0,1.5314068e-05
0,0,1.4597615e-05
0,0,2.0123418e-05
0,0,1.2501959e-05
0,0,1.8767132e-05
0,0,1.3212084e-05
0,0,1.4597615e-05
0,0,1.6689846e-05
0,0,1.5314068e-05
0,0,1.2501959e-05
0,0,2.3496601e-05
0,0,1.3787462e-05
0,0,1.1521518e-05
0,0,1.1808111e-05
0,0,1.2153508e-05
0,0,1.6955855e-05
0,0,0.00040799624
0,0,2.0123418e-05
0,0,0.0021703101
0,0,0.0021703101
0,0,3.6151447e-05
0,0,1.2501959e-05
0,0,1.3787462e-05
0,0,1.2153508e-05
0,0,1.2501959e-05
0,0,2.0123418e-05
0,0,1.4597615e-05
0,0,1.3212084e-05
0,0,1.2153508e-05
0,0,1.4597615e-05
0,0,2.1266442e-05
0,0,1.1808111e-05
0,0,3.673915e-05
0,0,2.3496601e-05
0,0,1.2843376e-05
0,0,1.2501959e-05
0,0,2.3496601e-05
0,0,2.7867518e-05
0,0,1.1808111e-05
0,0,1.5675461e-05
0,0,1.5314068e-05
0,0,1.2501959e-05
0,0,1.2153508e-05
0,0,1.2501959e-05
0,0,1.3787462e-05
0,0,3.5005356e-05
0,0,1.1808111e-05
0,0,1.2501959e-05
0,0,1.4597615e-05
0,0,1.5314068e-05
0,0,1.2153508e-05
0,0,1.2501959e-05
0,0,2.7867518e-05
0,0,1.1808111e-05
0,0,1.2501959e-05
0,0,2.0648356e-05
0,0,1.5314068e-05
0,0,1.2828087e-05
0,0,1.2501959e-05
0,0,1.2501959e-05
0,0,2.7867518e-05
0,0,1.2501959e-05
0,0,1.1808111e-05
0,0,1.1808111e-05
0,0,2.0123418e-05
0,0,1.2153508e-05
0,0,2.0123418e-05
0,0,2.0123418e-05
0,0,1.2501959e-05
0,0,2.0123418e-05
0,0,5.3685264e-05
0,0,1.6183338e-05
0,0,1.3787462e-05
0,0,2.1558117e-05
0,0,1.1808111e-05
0,0,2.7867518e-05
0,0,1.2501959e-05
0,0,1.2501959e-05
0,0,2.0123418e-05
0,0,1.2501959e-05
0,0,1.4597615e-05
0,0,2.0123418e-05
0,0,0.003820754
0,0,1.2153508e-05
0,0,1.2153508e-05
0,0,1.4597615e-05
0,0,1.1521518e-05
0,0,1.3787462e-05
0,0,1.4597615e-05
0,0,1.2153508e-05
0,0,1.2501959e-05
0,0,1.5314068e-05
0,0,1.2501959e-05
0,0,2.0123418e-05
0,0,1.2501959e-05
0,0,1.2501959e-05
0,0,1.4597615e-05
0,0,1.4597615e-05
0,0,1.2843376e-05
0,0,1.28815245e-05
0,0,1.5314068e-05
0,0,1.2153508e-05
0,0,0.0001933241
0,0,1.3212084e-05
0,0,0.0005449498
0,0,1.6955855e-05
0,0,1.2501959e-05
0,0,2.0123418e-05
0,0,1.2175514e-05
0,0,2.6864262e-05
0,0,1.2501959e-05
0,0,1.2501959e-05
0,0,1.2501959e-05
0,0,1.2501959e-05
0,0,1.2501959e-05
0,0,1.2501959e-05
0,0,1.2501959e-05
0,0,1.2501959e-05
0,0,1.2501959e-05
0,0,1.2843376e-05
0,0,2.0123418e-05
0,0,2.3496601e-05
0,0,0.00034634935
0,0,2.0123418e-05
0,0,0.00040799624
0,0,1.2828087e-05
0,0,2.1558117e-05
0,0,2.0123418e-05
0,0,1.4597615e-05
0,0,1.2501959e-05
0,0,1.2501959e-05
0,0,1.2501959e-05
0,0,1.2501959e-05
0,0,1.2153508e-05
0,0,1.2501959e-05
0,0,1.2501959e-05
0,0,1.2153508e-05
0,0,7.802661e-05
0,0,1.2501959e-05
0,0,2.7867518e-05
0,0,1.3319822e-05
0,0,1.4597615e-05
0,0,2.7867518e-05
0,0,1.1808111e-05
0,0,1.2153508e-05
0,0,1.28815245e-05
0,0,1.3787462e-05
0,0,3.336375e-05
0,0,1.2501959e-05
0,0,3.2538763e-05
0,0,1.6689846e-05
0,0,1.5314068e-05
0,0,2.0648356e-05
0,0,1.4597615e-05
0,0,2.3496601e-05
0,0,1.4102497e-05
0,0,0.005808372
0,0,2.0123418e-05
0,0,1.3787462e-05
0,0,1.2501959e-05
0,0,1.3787462e-05
0,0,1.1808111e-05
0,0,1.2501959e-05
0,0,1.2153508e-05
0,0,1.2501959e-05
0,0,1.1808111e-05
0,0,2.1266442e-05
0,0,1.1808111e-05
0,0,2.7867518e-05
0,0,0.00270449
0,0,1.2501959e-05
0,0,1.4597615e-05
0,0,1.2501959e-05
0,0,1.2501959e-05
0,0,1.1808111e-05
0,0,1.1521518e-05
0,0,1.4597615e-05
0,0,1.1808111e-05
0,0,1.1808111e-05
0,0,2.0123418e-05
0,0,0.0003151165
0,0,1.4597615e-05
0,0,1.3638445e-05
0,0,0.0024065524
0,0,1.1808111e-05
0,0,3.306263e-05
0,0,0.0003151165
0,0,1.2501959e-05
0,0,2.7867518e-05
0,0,1.2501959e-05
0,0,3.2538763e-05
0,0,3.306263e-05
0,0,1.2116139e-05
0,0,2.1558117e-05
0,0,0.00013607928
0,0,1.1808111e-05
0,0,1.2501959e-05
0,0,2.7867518e-05
0,0,1.3638445e-05
0,0,1.2501959e-05
0,0,1.5314068e-05
0,0,0.00014366026
0,0,1.6689846e-05
0,0,1.2501959e-05
0,0,1.2501959e-05
0,0,1.2116139e-05
0,0,2.3496601e-05
0,0,1.5314068e-05
0,0,5.7522157e-05
0,0,1.4597615e-05
0,0,1.5314068e-05
0,0,1.2153508e-05
0,0,1.3638445e-05
0,0,2.0648356e-05
0,0,1.4597615e-05
0,0,1.2153508e-05
0,0,1.2501959e-05
0,0,1.2828087e-05
0,0,1.2116139e-05
0,0,1.3787462e-05
0,0,1.2478827e-05
0,0,1.2501959e-05
0,0,1.2501959e-05
0,0,1.2501959e-05
0,0,2.7867518e-05
0,0,4.357339e-05
0,0,3.2510165e-05
0,0,1.1521518e-05
0,0,2.2699656e-05
0,0,1.1808111e-05
0,0,1.2501959e-05
0,0,1.2501959e-05
0,0,1.2501959e-05
0,0,1.2501959e-05
0,0,1.2153508e-05
0,0,1.1808111e-05
0,0,1.2116139e-05
0,0,2.0123418e-05
0,0,1.2501959e-05
0,0,2.6864262e-05
0,0,1.2153508e-05
0,0,1.2501959e-05
0,0,1.2501959e-05
0,0,0.0017306735
0,0,2.1952714e-05
0,0,1.2501959e-05
0,0,2.6864262e-05
0,0,1.2501959e-05
0,0,1.2501959e-05
0,0,1.2501959e-05
0,0,2.0123418e-05
0,0,1.379392e-05
0,0,1.5314068e-05
0,0,2.1952714e-05
0,0,1.6689846e-05
0,0,2.2699656e-05
0,0,1.5314068e-05
0,0,1.2153508e-05
0,0,1.2828087e-05
0,0,1.4597615e-05
0,0,1.2501959e-05
0,0,1.2501959e-05
0,0,1.5675461e-05
0,0,1.2501959e-05
0,0,1.2501959e-05
0,0,1.2501959e-05
0,0,1.2501959e-05
0,0,1.3212084e-05
0,0,1.5314068e-05
0,0,1.2153508e-05
0,0,1.3787462e-05
0,0,1.2153508e-05
0,0,1.3787462e-05
0,0,1.2501959e-05
0,0,2.7867518e-05
0,0,1.2501959e-05
0,0,1.2501959e-05
0,0,2.7867518e-05
0,0,1.1808111e-05
0,0,1.2153508e-05
0,0,1.2501959e-05
0,0,1.4597615e-05
0,0,1.1808111e-05
0,0,1.2501959e-05
0,0,1.2501959e-05
0,0,1.2501959e-05
0,0,1.2153508e-05
0,0,1.5763579e-05
0,0,1.4967728e-05
0,0,1.2501959e-05
0,0,1.1808111e-05
0,0,1.2501959e-05
0,0,1.2153508e-05
0,0,2.4092338e-05
0,0,2.0123418e-05
0,0,2.1558117e-05
0,0,1.2153508e-05
0,0,1.2501959e-05
0,0,0.0032361832
0,0,1.2501959e-05
0,0,1.6955855e-05
0,0,1.4597615e-05
0,0,2.6864262e-05
0,0,1.1808111e-05
0,0,1.3212084e-05
0,0,2.7867518e-05
0,0,1.2501959e-05
0,0,1.1808111e-05
0,0,1.3787462e-05
0,0,1.2501959e-05
0,0,1.2501959e-05
0,0,1.2501959e-05
0,0,1.2501959e-05
0,0,0.0003151165
0,0,1.1808111e-05
0,0,1.2478827e-05
0,0,1.1808111e-05
0,0,1.2116139e-05
0,0,1.2501959e-05
0,0,1.2501959e-05
0,0,1.6955855e-05
0,0,2.0658461e-05
0,0,1.5314068e-05
0,0,1.2828087e-05
0,0,1.2501959e-05
0,0,1.2843376e-05
0,0,1.4550554e-05
0,0,1.5763579e-05
0,0,1.5314068e-05
0,0,2.7867518e-05
0,0,1.2501959e-05
0,0,2.0123418e-05
0,0,1.2501959e-05
0,0,2.9979992e-05
0,0,1.2501959e-05
0,0,1.3319822e-05
0,0,1.2501959e-05
0,0,1.2501959e-05
0,0,2.3496601e-05
0,0,1.2153508e-05
0,0,1.2843376e-05
0,0,1.1808111e-05
0,0,1.2501959e-05
0,0,4.9514685e-05
0,0,1.4102497e-05
0,0,1.3212084e-05
0,0,1.3319822e-05
0,0,1.795218e-05
0,0,1.3787462e-05
0,0,1.2501959e-05
0,0,2.7867518e-05
0,0,0.0030908438
0,0,1.5675461e-05
0,0,1.2153508e-05
0,0,1.5675461e-05
0,0,0.000565249
0,0,1.2501959e-05
0,0,3.381811e-05
0,0,1.2501959e-05
0,0,1.4597615e-05
0,0,1.2153508e-05
0,0,1.2843376e-05
0,0,1.5314068e-05
0,0,1.2501959e-05
0,0,1.6689846e-05
0,0,1.1808111e-05
0,0,1.2501959e-05
0,0,1.795218e-05
0,0,1.2843376e-05
0,0,1.1808111e-05
0,0,2.3496601e-05
0,0,1.2501959e-05
0,0,1.2116139e-05
0,0,2.0123418e-05
0,0,1.2501959e-05
0,0,0.00015999169
0,0,1.5314068e-05
0,0,1.1808111e-05
0,0,1.2501959e-05
0,0,0.0150635205
0,0,1.1521518e-05
0,0,1.5675461e-05
0,0,2.0123418e-05
0,0,1.2501959e-05
0,0,2.1558117e-05
0,0,1.2501959e-05
0,0,1.2501959e-05
0,0,2.0123418e-05
0,0,1.1808111e-05
0,0,1.2501959e-05
0,0,1.2501959e-05
0,0,1.2478827e-05
0,0,1.2501959e-05
0,0,1.2501959e-05
0,0,1.4597615e-05
0,0,1.6689846e-05
0,0,1.3638445e-05
0,0,1.4597615e-05
0,0,1.2501959e-05
0,0,1.4597615e-05
0,0,0.0004985273
0,0,2.3496601e-05
0,0,1.2501959e-05
0,0,1.6213924e-05
0,0,2.0123418e-05
0,0,1.2153508e-05
0,0,0.0021703101
0,0,3.381811e-05
0,0,0.00010232756
0,0,2.7867518e-05
0,0,1.2501959e-05
0,0,1.6689846e-05
0,0,2.0648356e-05
0,0,1.4597615e-05
0,0,1.3319822e-05
0,0,1.1808111e-05
0,0,3.2538763e-05
0,0,1.2501959e-05
0,0,1.2501959e-05
0,0,2.7867518e-05
0,0,1.2501959e-05
0,0,1.28815245e-05
0,0,1.6689846e-05
0,0,1.2501959e-05
0,0,2.0123418e-05
0,0,2.2699656e-05
0,0,1.28815245e-05
0,0,2.0123418e-05
0,0,1.2153508e-05
0,0,1.2501959e-05
0,0,1.3787462e-05
0,0,1.1808111e-05
0,0,1.2501959e-05
0,0,1.2501959e-05
0,0,1.2501959e-05
0,0,1.2501959e-05
0,0,1.5314068e-05
0,0,8.4825515e-05
0,0,1.2501959e-05
0,0,1.1521518e-05
0,0,1.2501959e-05
0,0,7.0847185e-05
0,0,1.3638445e-05
0,0,1.2501959e-05
0,0,0.000565249
